jd_tdb,calendar,x_jpl_km,y_jpl_km,z_jpl_km,vx_jpl_kms,vy_jpl_kms,vz_jpl_kms,x_num_km,y_num_km,z_num_km,vx_num_kms,vy_num_kms,vz_num_kms,err_r_abs_km,err_r_rel,err_v_abs_kms,err_v_rel,err_rho_abs_km,err_rho_rel
2461041.5,A.D. 2026-Jan-01 00:00:00.0000,-26070384.80622956,144778676.17286268,-8507.044686876237,-29.801134169337956,-5.391156778582276,0.00047852753261512504,-26070384.80622956,144778676.17286268,-8507.044686876237,-29.801134169337956,-5.391156778582276,0.00047852753261512504,0.0,0.0,0.0,0.0,0.0,0.0
2461042.5,A.D. 2026-Jan-02 00:00:00.0000,-28641012.93102456,144290377.61715302,-8464.372983701527,-29.70260271699131,-5.9117604521390525,0.0005092191725863949,-28641012.99237579,144290377.12332436,-8464.378372624275,-29.70259877392658,-5.911770881406465,0.0005090931087152978,0.49765425144544473,3.3829757291198422e-09,1.1150482963601608e-05,3.6818254009278066e-07,0.4724332392215729,3.2115272345689084e-09
2461043.5,A.D. 2026-Jan-03 00:00:00.0000,-31202728.259179797,143757176.54104215,-8419.05595830828,-29.594824967154373,-6.4305386498173,0.0005397599619585415,-31202728.039488416,143757174.64652166,-8419.077928478924,-29.594817059151328,-6.430559545843632,0.0005395010940206126,1.9073423613527543,1.2965900186760974e-08,2.234384571323371e-05,7.377761308950709e-07,1.898009181022644,1.2902454270056528e-08
2461044.5,A.D. 2026-Jan-04 00:00:00.0000,-33754733.39282927,143179237.99765134,-8371.107131130995,-29.47783578132504,-6.947321760291108,0.0005701386465615244,-33754732.54739623,143179233.79171935,-8371.157400219909,-29.477823879312187,-6.947353175988819,0.0005697415459333674,4.290355221266398,2.9165395580951675e-08,3.3597048405360866e-05,1.1093464260906372e-06,4.287699729204178,2.9147343817761338e-08
2461045.5,A.D. 2026-Jan-05 00:00:00.0000,-36296234.08858722,142556741.66467005,-8320.540986306965,-29.35167331568907,-7.461940875647248,0.0006003442184554509,-36296232.26993676,142556734.23127818,-8320.631690127255,-29.3516573870628,-7.461982882015534,0.0005998045813499976,7.653171325470665,5.2025276876800524e-08,4.492824634448286e-05,1.4834985949414e-06,7.652293026447296,5.201930631271301e-08
2461046.5,A.D. 2026-Jan-06 00:00:00.0000,-38826439.54150123,141889881.78036276,-8267.3729397282,-29.21637900462134,-7.974227865801201,0.0006303661456579236,-38826436.399260946,141889870.19659162,-8267.516551661967,-29.21635901753787,-7.974280550903185,0.0006296803808004577,12.003251734896503,8.159583063829597e-08,5.635311659683989e-05,1.8607560563686646e-06,12.002355188131332,8.15897360832849e-08
2461047.5,A.D. 2026-Jan-07 00:00:00.0000,-41344562.66755093,141178867.07318118,-8211.619292259216,-29.071997543500885,-8.484015451957251,0.0006601944835540329,-41344557.84869123,141178850.4079288,-8211.828583790466,-29.07197347073796,-8.484078916748894,0.0006593591925536309,17.349231938572686,1.179351167850045e-07,6.78820698282789e-05,2.241468435892006e-06,17.34785705804825,1.1792577074041942e-07
2461048.5,A.D. 2026-Jan-08 00:00:00.0000,-43849820.38462405,140423920.68509656,-8153.29717873782,-28.918576870595054,-8.99113727844506,0.0006898198589762039,-43849813.533982486,140423897.99822298,-8153.585224955923,-28.918548692184853,-8.991211630613247,0.0006888313366858203,23.700390155373317,1.6110535141043541e-07,7.951883356766551e-05,2.625764790903133e-06,23.697573482990265,1.610862048482436e-07
2461049.5,A.D. 2026-Jan-09 00:00:00.0000,-46341433.89187391,139625280.0888054,-8092.424523107708,-28.756168147643713,-9.495427982692707,0.000719233352286075,-46341424.652837776,139625250.43084672,-8092.804746699743,-28.75613585186225,-9.495513329849972,0.0007180872091094139,31.066040496530338,2.1116877895376984e-07,9.126044267741388e-05,3.013553283596322e-06,31.0583958029747,2.1111681479683779e-07
2461050.5,A.D. 2026-Jan-10 00:00:00.0000,-48818628.94733059,138783196.9989674,-8029.02000670135,-28.58482573879715,-9.996723263430036,0.0007484263190717932,-48818616.962530866,138783159.41142157,-8029.506246936837,-28.584789321457976,-9.996819706870076,0.000747117285558859,39.45498012067419,2.681839119654454e-07,0.00010309836704783475,3.404558390606561e-06,39.43469423055649,2.680460244452179e-07
2461051.5,A.D. 2026-Jan-11 00:00:00.0000,-51280636.143611565,137897937.27761713,-7963.103052876891,-28.4046071876595,-10.494859947415042,0.0007773901953984641,-51280621.05548988,137897890.79371238,-7963.709642888408,-28.404566649926075,-10.49496757729163,0.0007759121255311211,48.87507307486778,3.3220270089430053e-07,0.00011502035844240382,3.7983818521987035e-06,48.827832609415054,3.3188160858225716e-07
2461052.5,A.D. 2026-Jan-12 00:00:00.0000,-53726691.181562096,136969780.83386162,-7894.693827867509,-28.21557319230359,-10.989676055031588,0.0008061163229262647,-53726672.63269752,136969724.47966135,-7895.435663676389,-28.215528537388263,-10.989794947427006,0.000804462376177859,59.33301429910601,4.0326892954871807e-07,0.0001270125926479752,4.194573374213799e-06,59.235896080732346,4.026088457753606e-07
2461053.5,A.D. 2026-Jan-13 00:00:00.0000,-56156035.14164768,135999021.5179482,-7823.813254997134,-28.017787578221796,-11.48101086504694,0.0008345958176283474,-56156012.774765424,135998954.31362247,-7824.705842583742,-28.017738807396146,-11.481141081060159,0.0008327587761465938,70.83428218086243,4.814178931487718e-07,0.00013906177855356916,4.592700247371961e-06,70.65364927053452,4.801902402038128e-07
2461054.5,A.D. 2026-Jan-14 00:00:00.0000,-58567914.75292074,134985967.00976726,-7750.483037866653,-27.811317269233168,-11.968704978702752,0.0008628194931157296,-58567888.21054206,134985887.9708584,-7751.54250898521,-27.811264377577153,-11.968846565467343,0.0008607921593682134,83.38326846671734,5.6667728262085e-07,0.00015115703511808096,4.992409317307122e-06,83.07271435856819,5.645667398063411e-07
2461055.5,A.D. 2026-Jan-15 00:00:00.0000,-60961582.65938695,133930938.70184219,-7674.725687719882,-27.596232256382113,-12.452600383240217,0.0008907778422679871,-60961551.58311536,133930846.84036651,-7675.968779953227,-27.59617522868852,-12.452753376635476,0.0008885534587881991,96.98355864486523,6.590690919879857e-07,0.00016329141040298103,5.393477153926805e-06,96.48193734884262,6.556602348918869e-07
2461056.5,A.D. 2026-Jan-16 00:00:00.0000,-63336297.68359822,132834271.5768496,-7596.564549639822,-27.37260556484937,-12.932540515058331,0.000918461084880029,-63336261.71307388,132834165.902108,-7598.00855154397,-27.372544372105335,-12.932704943633302,0.0009160337100390448,111.63832126216357,7.586122660728803e-07,0.0001754628175371153,5.795840985204773e-06,110.86789005994797,7.533769798955332e-07
2461057.5,A.D. 2026-Jan-17 00:00:00.0000,-65691325.08730331,131696314.07969296,-7516.0238218307495,-27.140513218955224,-13.408370322535228,0.0009458592720132941,-65691283.85889223,131696193.59871234,-7517.686489768753,-27.140447815770017,-13.408546212091533,0.0009432240550513852,127.35074807723647,8.653256931969123e-07,0.00018767433767228768,6.199608742189293e-06,126.21543574333191,8.576114477200412e-07
2461058.5,A.D. 2026-Jan-18 00:00:00.0000,-68025936.82899639,130517427.98417073,-7433.128564380109,-26.90003420534515,-13.879936328485408,0.0009729624313532526,-68025889.97430903,130517291.70173734,-7435.028021256158,-26.899964528632143,-13.880123706749034,0.0009701157456014286,144.12449935790931,9.792312319743128e-07,0.0001999338931609197,6.605048314946681e-06,142.50829538702965,9.682501884142163e-07
2461059.5,A.D. 2026-Jan-19 00:00:00.0000,-70339411.81820938,129297988.25425136,-7347.904693610967,-26.6512504344794,-14.347086692423842,0.0009997607437783886,-70339358.96256843,129297835.17256746,-7350.059323610471,-26.6511764036087,-14.347285593023399,0.0009967001467923642,161.96407983655828,1.1003562658171377e-06,0.0002122531167604037,7.0125502542949705e-06,159.7295257151127,1.0851750871797422e-06
2461060.5,A.D. 2026-Jan-20 00:00:00.0000,-72631036.16641133,128038382.89998572,-7260.378961160781,-26.394246700621988,-14.809671272469455,0.0010262447217952442,-72630976.92739859,128038212.01803546,-7262.807315472308,-26.394168219096553,-14.809881737565188,0.0010229687404674755,180.8750907633375,1.2287354144579517e-06,0.00022464558399925817,7.422569425602178e-06,177.86184173822403,1.2082655654913946e-06
2461061.5,A.D. 2026-Jan-21 00:00:00.0000,-74900103.43439417,126739012.82809007,-7170.57891842723,-26.12911064057162,-15.267541686770478,0.0010524053604621386,-74900037.42060336,126738823.14085786,-7173.299646287341,-26.129027599069673,-15.267763767756481,0.0010489131285527854,200.86430494238394,1.3644110419377664e-06,0.00023712454759795745,7.835550187731083e-06,196.88772505521774,1.3373993261988575e-06
2461062.5,A.D. 2026-Jan-22 00:00:00.0000,-77145914.87604856,125400291.68725169,-7078.532870419324,-25.855932691407247,-15.720551374172539,0.0010782342290616143,-77145841.68614666,125400082.18497662,-7081.564685789349,-25.85584497179548,-15.72078513011539,0.0010745250363271264,221.9395343382665,1.5074323550839942e-06,0.0002497004790091561,8.251845162127045e-06,216.78928962349892,1.4724514511959645e-06
2461063.5,A.D. 2026-Jan-23 00:00:00.0000,-79367779.67845514,124022645.70823912,-6984.269825063647,-25.57480604748683,-16.168555653756332,0.0011037234822524056,-79367698.90061134,124022415.37590328,-6987.631513203954,-25.57471352720542,-16.16880114756973,0.0010997963156176129,244.10929095855354,1.6578530981692884e-06,0.0002623788054071606,8.671640414410339e-06,237.54791912436485,1.61329194860863e-06
2461064.5,A.D. 2026-Jan-24 00:00:00.0000,-81565015.19823472,122606513.53893222,-6887.819445334376,-25.28582661687753,-16.611411782822188,0.0011288657797754453,-81564926.40991819,122606261.35616486,-6891.529906179537,-25.285729172956273,-16.611669075564077,0.0011247189479185844,267.3822747051448,1.81572807363658e-06,0.0002751582617927659,9.094900916041026e-06,259.1437277495861,1.7597821026118472e-06
2461065.5,A.D. 2026-Jan-25 00:00:00.0000,-83736947.19411261,121152346.07442403,-6789.21201233566,-24.98909297727805,-17.048979012922796,0.0011536541221568442,-83736849.96219334,121152071.01595339,-6793.290329452076,-24.988990489219564,-17.049248156965998,0.0011492850474321638,291.76675798504664,1.9811089638783986e-06,0.00028803021879224137,9.521348212946371e-06,281.5549401640892,1.9117702771743127e-06
2461066.5,A.D. 2026-Jan-26 00:00:00.0000,-85882910.05564971,119660606.28237702,-6688.478404968977,-24.684706331350004,-17.481118643644173,0.0011780816293605056,-85882803.93667589,119660307.31908531,-6692.943923250716,-24.68459868223772,-17.481399675738526,0.0011734868640286705,317.26995956962946,2.1540400829002804e-06,0.00030097920409965026,9.950477525862934e-06,304.7573072910309,2.069087966450126e-06
2461067.5,A.D. 2026-Jan-27 00:00:00.0000,-88002247.02808145,118131769.02383563,-6585.650100007653,-24.372770461228857,-17.90769407400024,0.0012021413051606091,-88002131.56856105,118131445.12437715,-6590.522491451082,-24.372657536686386,-17.90798700934738,0.0011973167861252195,343.8975141735802,2.3345547811252404e-06,0.0003139846268215294,1.0381614617955796e-05,328.72368335723877,2.23154694355653e-06
2461068.5,A.D. 2026-Jan-28 00:00:00.0000,-90094310.43317853,116566320.8696995,-6480.759191133082,-24.053391681868323,-18.32857085151713,0.001225825837852135,-90094185.16967706,116565971.00254963,-6486.058489483476,-24.05327336688325,-18.328875679872933,0.0012207673434809182,371.6531311764848,2.5226731373373113e-06,0.0003270234709602282,1.0814004734576917e-05,353.42386347055435,2.398938181009864e-06
2461069.5,A.D. 2026-Jan-29 00:00:00.0000,-92158461.8860117,114964759.91304521,-6373.838421903551,-23.726678792809984,-18.74361671930772,0.001249127485340118,-92158326.34489849,114964383.0487725,-6379.585012003232,-23.72655496688469,-18.743933403798295,0.0012438312099071834,400.53850840675705,2.718401384376105e-06,0.00034007348746756526,1.1246918086014901e-05,378.8247403204441,2.5710329391780427e-06
2461070.5,A.D. 2026-Jan-30 00:00:00.0000,-94194072.50746725,113327595.57745102,-6264.92122374475,-23.392743027993095,-19.152701661629532,0.001272038078342419,-94193926.20420104,113327190.69096552,-6271.135780330591,-23.392613559512238,-19.15303014044661,0.0012665012058917676,430.55351881063547,2.9217331881720964e-06,0.0003531162383139414,1.1679750511300325e-05,404.8907726109028,2.747585970705332e-06
2461071.5,A.D. 2026-Jan-31 00:00:00.0000,-96200523.13233157,111655348.42142871,-6154.041748128831,-23.051698003356794,-19.555697948526962,0.0012945491491009877,-96200365.57026768,111654914.4939744,-6160.745129667676,-23.051562744351504,-19.55603813904185,0.00128877030113522,461.6966264795006,3.1326524830936367e-06,0.0003661392904551633,1.211209610240565e-05,431.5846854150295,2.928340297263592e-06
2461072.5,A.D. 2026-Feb-01 00:00:00.0000,-98177204.51275305,109948549.93901789,-6041.23488318175,-22.703659662266183,-19.952480180110662,0.0013166521563379163,-98177035.18155915,109948085.95974027,-6048.447996100113,-22.70351844476713,-19.95283198436938,0.0013106316169985543,493.96543633607087,3.3511372127185265e-06,0.0003791370008108748,1.2543773280736793e-05,458.8682642877102,3.113032619440008e-06
2461073.5,A.D. 2026-Feb-02 00:00:00.0000,-100123517.51690671,108207742.35655785,-5926.53624867648,-22.34874621911204,-20.34292533077623,0.0013383387482237552,-100123335.89076555,108207247.32358596,-5934.2799033910505,-22.348598853977702,-20.343288641013604,0.0013320784288610337,527.3572438094625,3.5771630681291887e-06,0.00039210968235820485,1.2974797341114344e-05,486.7030773758888,3.301398234254449e-06
2461074.5,A.D. 2026-Feb-03 00:00:00.0000,-102038873.3227268,106433478.4256419,-5809.982169114054,-21.98707810166011,-20.726912793301075,0.0013596009971985623,-102038678.85855949,106432951.34674211,-5818.2769495753955,-21.98692438023515,-20.727287496152172,0.0013531041683870573,561.8694531211486,3.8107063323359272e-06,0.00040506136806316693,1.3405306583112228e-05,515.0509752035141,3.493174440755071e-06
2461075.5,A.D. 2026-Feb-04 00:00:00.0000,-103922693.60662971,104626321.2122824,-5691.609630018473,-21.618777892860244,-21.10432442240074,0.0013804315424046367,-103922485.74257647,104625761.1052391,-5700.475793362157,-21.618617591153647,-21.104710400887246,0.0013737024257012404,597.4997685792687,4.051745183119765e-06,0.0004179967825171074,1.3835462164420152e-05,543.8742780983448,3.688101824286074e-06
2461076.5,A.D. 2026-Feb-05 00:00:00.0000,-105774410.72720662,102786843.88235699,-5571.456227049232,-21.243970272635988,-21.475044577106303,0.0014008236169011925,-105774188.8815493,102786249.77529137,-5580.913640352848,-21.243803157233547,-21.47544171009643,0.0013938669514708692,634.2461223806538,4.300259208228521e-06,0.0004309182808537678,1.426534678627309e-05,573.1356393396854,3.885923340584858e-06
2461077.5,A.D. 2026-Feb-06 00:00:00.0000,-107593467.9038952,100915629.48346785,-5449.560117430984,-20.862781959912365,-21.838960161354663,0.0014207709667459767,-107593231.47453015,100915000.41530356,-5459.628229083971,-20.86260779462599,-21.839368320787184,0.0014135916588950232,672.1063657293513,4.556227316543717e-06,0.0004438234015852152,1.4694883610580524e-05,602.7976450622082,4.086381615803101e-06
2461078.5,A.D. 2026-Feb-07 00:00:00.0000,-109379319.39065507,99013270.72338618,-5325.959982097149,-20.475341654908604,-22.195960662392636,0.0014402676934555103,-109379067.7551367,99012605.74462804,-5336.6578169017475,-20.475160207184334,-22.19637970894043,0.0014328706255997373,711.0777921965765,4.8196245142704155e-06,0.0004567034075563423,1.5123787814525675e-05,632.8222557008266,4.289215174798268e-06
2461079.5,A.D. 2026-Feb-08 00:00:00.0000,-111131430.64466208,97080369.74528047,-5200.695002995431,-20.08177998150054,-22.54593818680174,0.0014593080655433968,-111131163.1607618,97079667.9192045,-5212.041165677149,-20.081591027848674,-22.546367964830477,0.0014516980954386923,751.1565836954318,5.09041816010833e-06,0.0004695429141000066,1.555155409555022e-05,663.1702074110508,4.494154401789544e-06
2461080.5,A.D. 2026-Feb-09 00:00:00.0000,-112849278.49001722,95117537.89993511,-5073.8048566803345,-19.682229429422623,-22.8887874941629,0.0014778863381312846,-112848994.49669197,95116798.30421458,-5085.817527369433,-19.682032759409942,-22.8892278268102,0.0014700684801990077,792.3372658586363,5.368564288349314e-06,0.00048232048791908643,1.5977476307565407e-05,693.8004778921604,4.700917941572723e-06
2461081.5,A.D. 2026-Feb-10 00:00:00.0000,-114532351.2764476,93125395.51515806,-4945.329721949995,-19.27682429610914,-23.22440602848553,0.0014959966101208977,-114532050.09508291,93124617.24388379,-4958.02662944644,-19.27661971469994,-23.224856713551784,0.001487976361211808,834.6122466423458,5.654004500232574e-06,0.0004950100062909817,1.640069229597442e-05,724.6698949635029,4.9092100718509015e-06
2461082.5,A.D. 2026-Feb-11 00:00:00.0000,-116180149.03296138,91104571.66256367,-4815.310297522694,-18.86570062803062,-23.55269394756236,0.0015136327388329818,-116179829.96874373,91103753.82856475,-4828.708660169861,-18.865487956254174,-23.553154754735136,0.0015054164908673336,877.9714920757295,5.946663788336468e-06,0.0005075825466938019,1.6820246346726135e-05,755.7329398393631,5.118719397563498e-06
2461083.5,A.D. 2026-Feb-12 00:00:00.0000,-117792183.61640914,89055703.92190301,-4683.787824150177,-18.448996161430767,-23.87355415041411,0.0015307883231177044,-117791845.9596877,89054845.6592368,-4697.904253753694,-18.448775235493773,-23.87402482017762,0.0015223837940344638,922.4023738754992,6.246449528146746e-06,0.0005200085884163757,1.7235162036164946e-05,786.9417664706707,5.3291190103909765e-06
2461084.5,A.D. 2026-Feb-13 00:00:00.0000,-119367978.85489608,86979438.14309984,-4550.804105084389,-18.026850262399616,-24.186892302981413,0.001547456758855148,-119367621.8824084,86978538.60955569,-4565.654475404214,-18.02662093147305,-24.187372547400248,0.001538873369384604,967.8897083455603,6.553251766889981e-06,0.0005322603219067275,1.7644518729915246e-05,818.2464390695095,5.540068125891541e-06
2461085.5,A.D. 2026-Feb-14 00:00:00.0000,-120907070.68598646,84876428.20613693,-4416.401518624276,-17.59940386622354,-24.49261686222111,0.0015636313646076871,-120906693.66184743,84875486.58558948,-4432.000806249695,-17.599165989239104,-24.49310636762718,0.0015548804906199926,1014.4159869378561,6.866944810469864e-06,0.00054431386175066,1.804752497418788e-05,849.595366537571,5.751215052175452e-06
2461086.5,A.D. 2026-Feb-15 00:00:00.0000,-122409007.28963365,82747335.77892308,-4280.623017162085,-17.16679941594611,-24.790639098779735,0.0015793055690185298,-122408609.46602057,82746351.28337614,-4296.985128168097,-17.166552857849464,-24.7911375302168,0.001570400607606567,1061.96178261616,7.1873899993262845e-06,0.0005561511402619218,1.8443581385397588e-05,880.9358922839165,5.962201207138477e-06
2461087.5,A.D. 2026-Feb-16 00:00:00.0000,-123873349.21576576,80592830.07325569,-4143.5121078155935,-16.729180800074865,-25.080873118449258,0.0015944731433759074,-123872929.83327594,80591801.9444373,-4160.649708521021,-16.7289254280936,-25.081380125524266,0.001585429347411626,1110.5062977450168,7.514439439437248e-06,0.000567761229011415,1.883232464804221e-05,912.2149778902531,6.172665766077286e-06
2461088.5,A.D. 2026-Feb-17 00:00:00.0000,-125299669.50645104,78413587.598973,-4005.1128121018414,-16.286693289417865,-25.36323588265081,0.0016091284493633395,-125299227.79416004,78412515.10938518,-4023.037184802095,-16.286428969964003,-25.36375110619684,0.0015999625152465999,1160.027994127623,7.847940285149482e-06,0.0005791408208919974,1.921364372716492e-05,943.3798988461494,6.382250385192357e-06
2461089.5,A.D. 2026-Feb-18 00:00:00.0000,-126687553.81257015,76210291.91637194,-3865.4696049094205,-15.839483473082915,-25.63764722811971,0.0016232666649358407,-126687088.98787203,76209174.36975688,-3884.1905492080004,-15.839210069921851,-25.63817030690493,0.0016139960953153484,1210.5052294721559,8.187739060554529e-06,0.0005902936959561101,1.9587662392739384e-05,974.3788605034351,6.590603379219931e-06
2461090.5,A.D. 2026-Feb-19 00:00:00.0000,-128036600.504927,73983633.3869544,-3724.627336338163,-15.38769919384102,-25.90402988594412,0.001636883945398182,-128036111.77329063,73982470.1182111,-3744.153133140254,-15.38741656800205,-25.90456046251307,0.0016275262515684681,1261.9168111405522,8.533685416161634e-06,0.0006012290967737838,1.995468554282763e-05,1005.1614395081997,6.797382712943168e-06
2461091.5,A.D. 2026-Feb-20 00:00:00.0000,-129346420.77976283,71734308.92255622,-3582.631143886596,-14.931489483206082,-26.162309499940868,0.0016499774822964497,-129345907.33456142,71733099.29722254,-3602.968591645869,-14.93119749480192,-26.162847224696645,0.001640549328364189,1314.2423804301777,8.885634734865602e-06,0.0006119591744775527,2.0315114620014978e-05,1035.6787841916084,7.00225735831477e-06
2461092.5,A.D. 2026-Feb-21 00:00:00.0000,-130616638.75866124,69463021.73292227,-3439.52636520192,-14.471004496654528,-26.412414644189173,0.001662545426837525,-130616099.78123657,69461765.14640728,-3460.6808878049274,-14.470703008397335,-26.412959177011494,0.001653061851036524,1367.4625580952813,9.24344912029437e-06,0.0006224958650628056,2.0669344009234556e-05,1065.8835372328758,7.2049067714839645e-06
2461093.5,A.D. 2026-Feb-22 00:00:00.0000,-131846891.5828836,67170481.0718181,-3295.35846291855,-14.006395449534272,-26.654276839311493,0.0016745866931646702,-131846326.24296267,67169176.94861247,-3317.3342770730396,-14.006084331229387,-26.65482784842487,0.0016650605263713895,1421.5588268041931,9.606996605603455e-06,0.0006328478415170031,2.101765982195812e-05,1095.7295110225677,7.405018698183847e-06
2461094.5,A.D. 2026-Feb-23 00:00:00.0000,-133036829.5022079,64857401.98180449,-3150.172970809043,-13.537814553957046,-26.887830567059556,0.0016861006660100486,-133036236.95871556,64856049.7749036,-3172.9732915866134,-13.5374936870042,-26.888387725317664,0.0016765422429915289,1476.5131722261349,9.976148732017093e-06,0.0006430181097424239,2.1360159930437558e-05,1125.171198606491,7.602285870133205e-06
2461095.5,A.D. 2026-Feb-24 00:00:00.0000,-134186115.95836423,62524505.03784258,-3004.0154674015935,-13.065414956840126,-27.11301328272478,0.0016970868703154451,-134185495.3605856,62523104.22857986,-3027.642724438781,-13.065084237647827,-27.113576261969083,0.001687504071651115,1532.307554197071,1.0350776982404813e-05,0.0006530027899647456,2.169671327744669e-05,1154.1632425189018,7.796402420571704e-06
2461096.5,A.D. 2026-Feb-25 00:00:00.0000,-135294427.66316307,60172516.08993364,-2856.931577231736,-12.589350678964848,-27.32976542503486,0.0017075446723850978,-135293778.15211964,60171066.18834906,-2881.3876139337294,-12.5890100203573,-27.330333889536117,0.0016979432654409912,1588.9233141461066,1.073074878898796e-05,0.000662791342053411,2.2026967108173698e-05,1182.6600014269352,7.987060964560572e-06
2461097.5,A.D. 2026-Feb-26 00:00:00.0000,-136361454.67138922,57802166.00501751,-2708.9669943600893,-12.109776554672633,-27.53803042341963,0.0017174730720750375,-136360775.3812299,57800666.55079126,-2734.253227827131,-12.109425884788426,-27.538604023541605,0.0017078572599055833,1646.3406363076444,1.1115923909609067e-05,0.0006723681517316958,2.2350399440289928e-05,1210.6153329312801,8.17395114224435e-06
2461098.5,A.D. 2026-Feb-27 00:00:00.0000,-137386900.44849467,55414190.40835336,-2560.1675184555347,-11.626848171678143,-27.73775470276533,0.0017268706222743901,-137386190.50768286,55412640.97223908,-2586.285047560247,-11.626487430419894,-27.738333069885574,0.0017172436730725762,1704.538164384581,1.1506151858460293e-05,0.0006817150866258286,2.266640384548361e-05,1237.982662498951,8.356760095187916e-06
2461099.5,A.D. 2026-Feb-28 00:00:00.0000,-138370481.93307653,53009329.42458742,-2410.579092096538,-11.140721810472547,-27.928887685974235,0.0017357354815619181,-138369740.46518603,53007729.61020222,-2437.528752495188,-11.140350944132566,-27.929470429396115,0.001726100305396515,1763.4928363694235,1.190127081289572e-05,0.0006908144284071011,2.2974386853605377e-05,1264.7153398692608,8.53517488168261e-06
2461100.5,A.D. 2026-Mar-01 00:00:00.0000,-139311929.59408712,50588327.41867857,-2260.2478284537788,-10.651554382917338,-28.111381794772136,0.0017440655763429908,-139311155.71809155,50586676.86446094,-2288.0302041587306,-10.651173338041948,-28.111968500936722,0.001734425139617557,1823.1799533404462,1.2301108100675363e-05,0.000699651526579337,2.3273856235668487e-05,1290.7672230005264,8.708886423332184e-06
2461101.5,A.D. 2026-Mar-02 00:00:00.0000,-140210987.4826967,48151932.73681273,-2109.220021892339,-10.15950336986535,-28.285192449238675,0.0017518588248428557,-140210180.31274137,48150231.117952935,-2137.8354305019525,-10.159112087620924,-28.285782683088335,0.0017422163405366466,1883.573444927914,1.2705482013334826e-05,0.0007082166120554421,2.3564481460987584e-05,1316.0933736264706,8.877594198149372e-06
2461102.5,A.D. 2026-Mar-03 00:00:00.0000,-141067413.2787278,45700897.447397806,-1957.5421387627725,-9.66472675793619,-28.450278066470577,0.001759113362986398,-141066571.92347988,45699144.47757578,-1986.9906101828558,-9.664325170148937,-28.450871374425432,0.0017494722547084672,1944.6462564176993,1.3114204437331765e-05,0.0007165054299403972,2.384611495012306e-05,1340.6507280766964,9.041010759171744e-06
2461103.5,A.D. 2026-Mar-04 00:00:00.0000,-141880978.33160394,43235977.08220145,-1805.2607905734324,-9.167382975838015,-28.606600058637323,0.0017658277158272278,-141880101.89336383,43234172.51502539,-1835.5420568790219,-9.166971003522832,-28.60719597240627,0.001756191410053548,2006.37076252792,1.352708366116102e-05,0.0007245186449546857,2.4118772508040387e-05,1364.3986168801785,9.198865225914954e-06
2461104.5,A.D. 2026-Mar-05 00:00:00.0000,-142651467.6957961,40757930.37768053,-1652.4226961154495,-8.667630830758608,-28.7541228304786,0.00177200088159779,-142650555.26960212,40756074.00778974,-1683.53620363722,-8.667208385463667,-28.754720870898435,0.0017623725153909772,2068.719116086706,1.3943926739391758e-05,0.0007322602518295795,2.4382580602483214e-05,1387.2990438044071,9.350905148026925e-06
2461105.5,A.D. 2026-Mar-06 00:00:00.0000,-143378680.16079748,38267519.016555846,-1499.0746401324875,-8.165629445460791,-28.892813776103985,0.0017776323269416134,-143377730.8337622,38265610.68041427,-1531.0195872667703,-8.165196433152634,-28.893413456361838,0.0017680144598932045,2131.663465187071,1.4364540966646045e-05,0.0007397354757214545,2.463770658238508e-05,1409.3166884183884,9.496896501900353e-06
2461106.5,A.D. 2026-Mar-07 00:00:00.0000,-144062428.27571192,35765507.36969905,-1345.2634362634271,-7.661538196470744,-29.022643274916383,0.0017827218966637304,-144061441.1267796,35763546.946154274,-1378.0388327833145,-7.661094523328454,-29.02324410271197,0.0017731163124644822,2195.17601029123,1.4788734270797208e-05,0.0007469485687699404,2.4884285332815275e-05,1430.4186628758907,9.6366220303465e-06
2461107.5,A.D. 2026-Mar-08 00:00:00.0000,-144702538.36855614,33252662.238420498,-1191.035899983719,-7.155516653635719,-29.143584686385886,0.001787269677807402,-144701512.46881422,33250649.649127558,-1224.6406379095395,-7.155062232877346,-29.144186164887202,0.0017776773210445168,2259.228899632329,1.521631451613784e-05,0.0007539009394441677,2.512235690706452e-05,1450.5740764439106,9.769878288879368e-06
2461108.5,A.D. 2026-Mar-09 00:00:00.0000,-145298850.56040323,30729752.59726447,-1036.4388343114406,-6.647724521094307,-29.255614343485462,0.0017912758471254609,-145297784.9739947,30727687.80707766,-1070.8717576392303,-6.647259279945732,-29.256215971144524,0.0017816969118389467,2323.793995985921,1.5647087941169088e-05,0.0007605898516785545,2.5351823052322333e-05,1469.7535022497177,9.89647203722353e-06
2461109.5,A.D. 2026-Mar-10 00:00:00.0000,-145851218.7744839,28197549.337434407,-881.5190282277763,-6.138321579589921,-29.358711544672023,0.001794740530923989,-145850112.56009918,28195432.354856893,-916.7789888709214,-6.137845465604701,-29.35931281410896,0.001785174688478312,2388.842557233492,1.6080857018196378e-05,0.000767007801824719,2.557242626281534e-05,1487.9284299612045,1.0016216540961787e-05
2461110.5,A.D. 2026-Mar-11 00:00:00.0000,-146359510.74035734,25656825.01097538,-726.3232660647482,-5.627467629994492,-29.452858544367327,0.0017976636967276256,-146358362.953221,25654655.888735656,-762.4091551172298,-5.626980616094215,-29.453458940602502,0.0017881104311071963,2454.3448805362896,1.6517418071126998e-05,0.0007731425762168261,2.5783751493894623e-05,1505.0707851350307,1.0128928327009453e-05
2461111.5,A.D. 2026-Mar-12 00:00:00.0000,-146823607.99324843,23108353.575844686,-570.8983442056925,-5.115322437869529,-29.538040541920296,0.001800045091718162,-146822417.68746963,23106132.411642183,-607.8090912958514,-5.114824525673908,-29.53863954027895,0.0017905040954052701,2520.2699587114607,1.6956558978921352e-05,0.0007789779321836619,2.5985248671918394e-05,1521.1525791585445,1.0234424822342307e-05
2461112.5,A.D. 2026-Mar-13 00:00:00.0000,-147243405.86863446,20552910.14200089,-415.29109090846026,-4.602045678914177,-29.614245669073718,0.001801884234158279,-147242172.09976125,20550637.079435006,-453.02562860801083,-4.601536900106196,-29.61484273309178,0.0017923558115419797,2586.585192155639,1.7398057256157984e-05,0.0007844948106604336,2.617627297479223e-05,1536.1457331180573,1.033252316592656e-05
2461113.5,A.D. 2026-Mar-14 00:00:00.0000,-147618813.49215144,17991270.718639385,-259.54838444851333,-4.087796885151058,-29.681464975962008,0.0018031804603158008,-147617535.3197553,17988945.9483075,-298.10557951003454,-4.0872773007963215,-29.682059555622637,0.0017936658830666613,2653.2561933584257,1.7841678759145993e-05,0.0007896729713624427,2.635613927872405e-05,1550.0220981538296,1.0423040343432904e-05
2461114.5,A.D. 2026-Mar-15 00:00:00.0000,-147949753.7648768,15424211.962700354,-103.71716485824436,-3.5727353916796365,-29.739692415666692,0.0018039330256964814,-147948430.25499243,15421835.72342192,-143.0957227835386,-3.5722050896128295,-29.74028394629835,0.0017944347857358704,2720.2467155143922,1.8287177228249267e-05,0.0007944929117453901,2.6524186166844675e-05,1562.753680229187,1.0505794695554232e-05
2461115.5,A.D. 2026-Mar-16 00:00:00.0000,-148236163.34402892,12852510.928771976,52.155565249733634,-3.0570202837918288,-29.788924827369655,0.0018041412541904827,-148234793.5712966,12850083.508867646,11.957211290415467,-3.0564793744108094,-29.789512729525075,0.0017946631662797581,2787.518724206625,1.8734294792342694e-05,0.0007989378805468668,2.667984320162638e-05,1574.313044667244,1.0580608631650038e-05
2461116.5,A.D. 2026-Mar-17 00:00:00.0000,-148477992.6191045,10276944.820507202,208.02275427524003,-2.5408103442122862,-29.8291619181844,0.001803804719965996,-148476575.66850054,10274466.559036031,167.0065556480129,-2.5402589552791275,-29.829745598768444,0.0017943518411093122,2855.0326201478433,1.918276348718424e-05,0.000802995726462821,2.682269280302494e-05,1584.6738574802876,1.0647312257607105e-05
2461117.5,A.D. 2026-Mar-18 00:00:00.0000,-148675205.68345404,7698290.743662415,363.83733149990445,-2.024264000222336,-29.860406243809045,0.0018029234365801723,-148673740.6515595,7695762.031501561,322.00572104519586,-2.023702271531721,-29.860985098608847,0.0017935017949663283,2922.7475991071774,1.96323076925148e-05,0.0008066602558969961,2.695251582912537e-05,1593.8114855885506,1.0705747392794668e-05
2461118.5,A.D. 2026-Mar-19 00:00:00.0000,-148827780.30127704,5117325.460850868,519.5522523343097,-1.5075392704864152,-29.88266318822528,0.0018014980175742317,-148826266.2971174,5114746.741496625,476.9082105411237,-1.5069673494619016,-29.88323660580142,0.0017921141795179645,2990.622112140373,2.0082647238358614e-05,0.0008099317448561726,2.7069308966582778e-05,1601.703557908535,1.0755771317052037e-05
2461119.5,A.D. 2026-Mar-20 00:00:00.0000,-148935707.87000865,2534825.148080873,675.1205547394928,-0.990793711566839,-29.895940942739156,0.0017995297675685855,-148934144.01559344,2532196.9180647274,631.667633857875,-0.9902117508774533,-29.896508309370464,0.0017901903118977516,3058.6143604689055,2.0533500738374784e-05,0.0008128163161164294,2.7173264218956297e-05,1608.3303722441196,1.0797259475680461e-05
2461120.5,A.D. 2026-Mar-21 00:00:00.0000,-148998993.3780812,-48434.846878700424,830.4954191722063,-0.4741843644392213,-29.90025048469593,0.001797020668146132,-148997378.80885544,-51112.03802591612,786.2377216118502,-0.47359252243323047,-29.900811189768408,0.0017877316731949387,3126.6827417071318,2.0984588590658262e-05,0.0008153241219195269,2.7264708420517542e-05,1613.6750493049622,1.0830106482177466e-05
2461121.5,A.D. 2026-Mar-22 00:00:00.0000,-149017655.35808647,-2631680.2442888836,985.6302222481463,0.04213229840635353,-29.89560555609232,0.0017939732478176047,-149015989.2235511,-2634405.794528745,940.5723394124868,0.04273385422321537,-29.896158997129287,0.0017847399068940566,3194.7861607273053,2.1435635064776005e-05,0.0008174665967389755,2.7344011544516046e-05,1617.7233802080154,1.0854225062124524e-05
2461122.5,A.D. 2026-Mar-23 00:00:00.0000,-148991725.83541647,-5214138.070380094,1140.4785748473369,0.5580004245583086,-29.882022642120045,0.0017903903585239078,-148990007.3001672,-5216911.326048307,1094.62550182407,0.5586115114785397,-29.88256822864715,0.0017812168172665805,3262.8841396131324,2.1886369037093144e-05,0.0008192533408496079,2.7411482504306e-05,1620.4633766710758,1.0869543004098919e-05
2461123.5,A.D. 2026-Mar-24 00:00:00.0000,-148921250.27253267,-7795036.893430195,1294.9943386437371,1.0732648312116366,-29.859520949478213,0.0017862749088006775,-148919478.51788962,-7797857.150378486,1248.351386186583,1.073885243939711,-29.86005810510979,0.001777164367716577,3330.9367052795565,2.2336523233367736e-05,0.0008206894221628545,2.746727877603791e-05,1621.8846154808998,1.0875998735764138e-05
2461124.5,A.D. 2026-Mar-25 00:00:00.0000,-148806287.50905922,-10373607.057945237,1449.1316202268936,1.5877710522774673,-29.82812238406955,0.0017816296259436364,-148804461.73533657,-10376473.56277786,1401.7043462917018,1.5884005557670886,-29.828650546618075,0.0017725846790822215,3398.9040863315277,2.278583219321734e-05,0.0008217737718932347,2.7511352485607547e-05,1621.9775221049786,1.0873536499155462e-05
2461125.5,A.D. 2026-Mar-26 00:00:00.0000,-148646909.6979098,-12949080.916871907,1602.8447481440382,2.1013653831201164,-29.787851527683536,0.0017764569045866092,-148645029.12723908,-12951992.868113117,1554.6389259101977,2.10200370714333,-29.78837014752148,0.0017674800278950477,3466.746295890326,2.3234029473236143e-05,0.0008224990451275812,2.7543445458009754e-05,1620.7327528297901,1.0862102194246574e-05
2461126.5,A.D. 2026-Mar-27 00:00:00.0000,-148443202.23763746,-15520693.061739624,1756.0882418230176,2.613894923359623,-29.73873561334346,0.0017707587737056936,-148441266.11714458,-15523649.610804116,1707.1098721671851,2.614541759868063,-29.739244150600143,0.0017618528445988168,3534.422698883114,2.368084475022557e-05,0.0008228529186054546,2.7563132399243238e-05,1618.1408076882362,1.0841640775727987e-05
2461127.5,A.D. 2026-Mar-28 00:00:00.0000,-148195263.70114666,-18087680.550608378,1908.8167829439049,3.1252076183829267,-29.68080449915772,0.0017645369831456037,-148193271.30621976,-18090680.80250688,1859.0721487618014,3.1258626220693007,-29.681302420523764,0.001755705711729846,3601.8916596489235,2.4126001466801573e-05,0.000822820458715931,2.7569900010857013e-05,1614.1919455826283,1.0812095678253036e-05
2461128.5,A.D. 2026-Mar-29 00:00:00.0000,-147903205.76085076,-20649283.133693203,2060.985198428855,3.6351523002255193,-29.61409064070305,0.001757793179766765,-147901156.39822784,-20652326.147473183,2010.480949028065,3.6358150920236283,-29.614577416617703,0.0017490413620606595,3669.1103423798586,2.456921550391772e-05,0.0008223869849645654,2.7563242846666008e-05,1608.8764061927795,1.0773410296862283e-05
2461129.5,A.D. 2026-Mar-30 00:00:00.0000,-147567153.1103045,-23204743.476544786,2212.5484609063715,4.1435787283469745,-29.53862906211148,0.001750529127127366,-147565046.1207591,-23207828.2655284,2161.2917088338318,4.144248901078235,-29.539104164966208,0.0017418626767087865,3736.034699049288,2.5010195110230902e-05,0.0008215408204465697,2.7542755546772656e-05,1602.1848760843277,1.0725531099517637e-05
2461130.5,A.D. 2026-Mar-31 00:00:00.0000,-147187243.38230658,-25753307.380685408,2363.4617082383493,4.6503376306031745,-29.454457326124093,0.0017427469192359275,-147185078.1427921,-25756432.91261144,2311.460119314902,4.6510147556688315,-29.454920229882905,0.0017341726832125275,3802.6196418941977,2.5448642066166145e-05,0.0008202754183730114,2.750820430705312e-05,1594.109097033739,1.066841168595628e-05
2461131.5,A.D. 2026-Apr-01 00:00:00.0000,-146763627.06345063,-28294224.00162363,2513.680279700086,5.155280744476578,-29.36161550341335,0.001734449146111316,-146761402.98866323,-28297389.19882346,2460.9421394415294,5.155964378428533,-29.362065684778052,0.0017259745535754903,3868.819365804926,2.588425384839701e-05,0.0008185905326287983,2.7459566404714928e-05,1584.642495661974,1.0602016982030397e-05
2461132.5,A.D. 2026-Apr-02 00:00:00.0000,-146296467.40510774,-30826746.064197455,2663.1597632821645,5.6582608584107295,-29.2601461414627,0.0017256389829007905,-146294183.94852427,-30829949.80393457,2609.6940084146772,5.6589505483837,-29.260583082452314,0.0017172716022816788,3934.5877622327016,2.6316726402186062e-05,0.0008164923148921596,2.739703377360718e-05,1573.780720770359,1.0526326809405459e-05
2461133.5,A.D. 2026-Apr-03 00:00:00.0000,-145785940.33084357,-33350130.075218175,2811.8560469914223,6.159131852939374,-29.15009423323829,0.0017163201927896665,-145783596.9853665,-33353371.190300163,2757.6722578895656,6.159827140233759,-29.15051742484612,0.0017080672842828947,3999.878858492876,2.6745757078227555e-05,0.0008139924257464458,2.732098349088055e-05,1561.5220015645027,1.0441338251401005e-05
2461134.5,A.D. 2026-Apr-04 00:00:00.0000,-145232234.34030512,-35863636.53340444,2959.725366916508,6.6577487412235,-29.03150718580635,0.0017064970516713633,-145229830.638691,-35866913.813141115,2904.833724024217,6.658449162712842,-29.031916132273587,0.0016983651929601887,4064.6472189557967,2.717104730913087e-05,0.0008111064066587352,2.723192339633567e-05,1547.867279946804,1.0347066504456633e-05
2461135.5,A.D. 2026-Apr-05 00:00:00.0000,-144635550.40964407,-38366530.1366051,3106.7243461105977,7.153967708616361,-28.90443478896177,0.0016961742161285542,-144633085.92490304,-38369842.3281445,3051.1355593507956,7.154672796032115,-28.90482901216963,0.0016881690580610859,4128.848258977566,2.7592304697632098e-05,0.0008078516472873011,2.7130424026432387e-05,1532.8201123476028,1.0243544188041212e-05
2461136.5,A.D. 2026-Apr-06 00:00:00.0000,-143996101.8885753,-40858079.986312136,3252.810020595789,7.647646150958438,-28.768929183863186,0.0016853565602268361,-143993576.234513,-40861425.79634424,3196.5352444677374,7.6483554284024375,-28.769308227378605,0.0016774827436142625,4192.43843886136,2.8009244299201605e-05,0.0008042452835649685,2.7017048104074864e-05,1516.386368304491,1.0130819297934629e-05
2461137.5,A.D. 2026-Apr-07 00:00:00.0000,-143314114.39418837,-43337559.78946189,3397.9398508314043,8.138642711397821,-28.62504483161549,0.0016740490099902416,-143311527.22622016,-43340937.88624286,3340.9905995508075,8.139355691637931,-28.625408264012236,0.0016663102458233461,4255.375327109966,2.8421589028953374e-05,0.0008003023292869598,2.6892287752060287e-05,1498.5737859904766,1.0008952207726942e-05
2461138.5,A.D. 2026-Apr-08 00:00:00.0000,-142589825.70164657,-45804248.05751655,3542.0717198941857,8.626817315676027,-28.472838481716703,0.0016622563975907667,-142587176.71796012,-45807657.0731386,3484.459795681323,8.627533495841826,-28.47318589890455,0.0016546556909414702,4317.617539367357,2.882906923734612e-05,0.0007960342348399064,2.675651595486537e-05,1479.3914536833763,9.878012181140398e-06
2461139.5,A.D. 2026-Apr-09 00:00:00.0000,-141823485.63190266,-48257428.3028108,3685.163920335472,9.112031205774855,-28.31236914028598,0.0016499833596856917,-141820774.5749955,-48260866.835624404,3626.9013659899733,9.112750063176794,-28.312700166690636,0.0016425233331281925,4379.124568838272,2.9231421561747534e-05,0.0007914481012027949,2.660995996833546e-05,1458.8492864072323,9.738073858295692e-06
2461140.5,A.D. 2026-Apr-10 00:00:00.0000,-141015355.93657708,-50696389.23214079,3827.1751346848914,9.594146972114949,-28.143698037998455,0.0016372342796966421,-141012582.59512728,-50699855.84922701,3768.27421661477,9.594867960722736,-28.144012326536178,0.001629917552290346,4439.856544733674,2.962838729920577e-05,0.000786546497037937,2.645269496703889e-05,1436.9575770795345,9.589214245388334e-06
2461141.5,A.D. 2026-Apr-11 00:00:00.0000,-140165710.18011323,-53120424.93756823,3968.064412977547,10.073028584297823,-27.96688859766388,0.0016240132872056279,-140162874.3911081,-53123918.177157275,3908.537637471811,10.073751132425784,-27.967185828543627,0.0016168428519083727,4499.773943775214,3.0019710468387082e-05,0.0007813279773806963,2.628466128437146e-05,1413.726668715477,9.43151051731946e-06
2461142.5,A.D. 2026-Apr-12 00:00:00.0000,-139274833.6193394,-55528835.08440396,4107.791153151543,10.548541420452258,-27.782006401347683,0.0016103243210263685,-139271935.2703328,-55532353.4581452,4047.6513128376623,10.549264930142952,-27.782286279861015,0.0016033038568496493,4558.837302147908,3.0405135877345485e-05,0.0007757883356111361,2.610570635908308e-05,1389.1668031215668,9.265039001349847e-06
2461143.5,A.D. 2026-Apr-13 00:00:00.0000,-138343023.0805468,-57920925.09632833,4246.315089158715,11.020552295415932,-27.589119156955665,0.0015961712432055464,-138340062.1118864,-57924467.09133463,4185.575331742296,11.021276143787675,-27.58938141051836,0.001589305311170279,4617.006968867107,3.078440747023866e-05,0.0007699224230042015,2.5915645859748256e-05,1363.288174778223,9.08987553077673e-06
2461144.5,A.D. 2026-Apr-14 00:00:00.0000,-137370586.83417743,-60296006.337597385,4383.596290882678,11.488929487908948,-27.388296664169236,0.0015815579974400862,-137367563.24102554,-60299570.41821545,4322.270198171688,11.489653030582055,-27.388541039016555,0.0015748520759067959,4674.24294297364,3.115726723513654e-05,0.0007637264138375752,2.5714339916289707e-05,1336.101193755865,8.906097191549248e-06
2461145.5,A.D. 2026-Apr-15 00:00:00.0000,-136357844.46719885,-62653396.292272836,4519.595179095865,11.953542766964445,-27.179610779594885,0.001566488793768528,-136354758.30117172,-62656980.90157267,4457.696841079195,11.954265343422358,-27.179837037692742,0.0015599491268591902,4730.504833914463,3.1523454934071815e-05,0.0007572002585979505,2.5501775816283942e-05,1307.616936892271,8.713785320676386e-06
2461146.5,A.D. 2026-Apr-16 00:00:00.0000,-135305126.75321352,-64992418.740403265,4654.272556331009,12.414263418007966,-26.963135381034387,0.0015509682860415097,-135301978.12349108,-64996022.30143446,4591.816624205062,12.414984358364885,-26.963343297885864,0.0015446015523666245,4785.7519762372585,3.188270886109442e-05,0.0007503498854932215,2.5278142361012716e-05,1277.8477284312248,8.513029362298025e-06
2461147.5,A.D. 2026-Apr-17 00:00:00.0000,-134212775.52031448,-67312403.9310809,4787.589651230723,12.87096426901159,-26.7389463309068,0.0015350016985014037,-134209564.59413742,-67316024.84800267,4724.591355703537,12.87168290124,-26.739135694925398,0.0015288145510771775,4839.943703624971,3.223476765981812e-05,0.0007431885978952888,2.50438772486529e-05,1246.8077498674393,8.30393091211702e-06
2461148.5,A.D. 2026-Apr-18 00:00:00.0000,-133081143.51666638,-69612688.75230844,4919.508170083166,13.323519717033202,-26.507121439045264,0.0015185948596805332,-133077870.51923296,-69616325.41155137,4855.983297577007,13.324235373402614,-26.507292052965816,0.001512593429712911,4893.0397564091845,3.2579373026262536e-05,0.0007357371583164047,2.4799670259034815e-05,1214.513551414013,8.086607100451096e-06
2461149.5,A.D. 2026-Apr-19 00:00:00.0000,-131910594.27377376,-71892616.8976398,5049.990346264095,13.77180575518144,-26.2677404253043,0.0015017541180171179,-131907259.4876617,-71896267.66928151,4985.95517491693,13.772517776628003,-26.267892109688585,0.0014959436008315278,4945.000757966166,3.291627286538169e-05,0.0007280222901206612,2.4546413089063683e-05,1180.9843348264694,7.861192448204543e-06
2461150.5,A.D. 2026-Apr-20 00:00:00.0000,-130701501.9674121,-74151539.02960244,5178.998977322131,14.215699999672472,-26.020884882561923,0.0014844861437008916,-130698105.73174772,-74155202.26912032,5114.470184951252,14.216407737162331,-26.02101748089306,0.0014788705805858315,4995.788668313019,3.324522429040144e-05,0.0007200737507523521,2.4285100921254937e-05,1146.241917848587,7.627838601668512e-06
2461151.5,A.D. 2026-Apr-21 00:00:00.0000,-129454251.2762415,-76388812.93996121,5306.497441444547,14.65508171626747,-25.766638240674197,0.0014667976606048683,-129450793.9858922,-76392486.99045832,5241.492005898187,14.655784528937803,-25.766751624996967,0.0014613799864821864,5045.36711462023,3.356599579821263e-05,0.0007119206454541163,2.401670820148537e-05,1110.310362637043,7.386711832919253e-06
2461152.5,A.D. 2026-Apr-22 00:00:00.0000,-128169237.23819642,-78603803.70691845,5432.449690662325,15.089831845156082,-25.50508573158675,0.0014486951930248184,-128165719.34323993,-78607486.90181479,5366.984805626337,15.090529095962772,-25.505179807466533,0.0014434775351391091,5093.7015244769855,3.387836812922499e-05,0.000703588077315397,2.3742075558194732e-05,1073.2153493762016,7.137988850227152e-06
2461153.5,A.D. 2026-Apr-23 00:00:00.0000,-126846865.10481693,-80795883.84934276,5556.820225588977,15.519833023720178,-25.23631435543916,0.001430184891960451,-126843287.11044726,-80799574.51542863,5490.9132501212,15.520524073897597,-25.236389065195798,0.0014251690400471076,5140.759048642042,3.4182133726020274e-05,0.0006950949965427376,2.346183701428048e-05,1034.983443647623,6.8818519094617524e-06
2461154.5,A.D. 2026-Apr-24 00:00:00.0000,-125487550.19370772,-82964433.478103,5679.5740593895325,15.944969607030588,-24.960412847286626,0.0014112724744119731,-125483912.66061977,-82968129.9387694,5613.242511758194,15.945653810827462,-24.960468170853886,0.001406460409330831,5186.508295417698,3.447709494062202e-05,0.0006864537047184807,2.3176402960127793e-05,995.6414253115654,6.618484342849883e-06
2461155.5,A.D. 2026-Apr-25 00:00:00.0000,-124091717.73932284,-85108840.44452678,5800.676682539284,16.365127686250116,-24.67747164379102,0.0013919632915424531,-124088021.28449003,-85112541.02296771,5733.938277382507,16.36580438724375,-24.677507597218604,0.0013873576435145534,5230.918957813729,3.476306153210961e-05,0.0006776710822612029,2.2886001299495892e-05,955.2158202826977,6.348067443738522e-06
2461156.5,A.D. 2026-Apr-26 00:00:00.0000,-122659802.74222785,-87228500.48596671,5920.0940373428175,16.780195105541722,-24.387582849490347,0.0013722624819827447,-122656048.0399027,-87232203.50816391,5852.966756196039,16.78086363524592,-24.38759948151376,0.0013678668332919907,5273.961415798693,3.503984800261935e-05,0.0006687510084684873,2.2590758953162668e-05,913.7327125668526,6.0707792187203365e-06
2461157.5,A.D. 2026-Apr-27 00:00:00.0000,-121192249.81694622,-89322817.36842278,6037.792507931591,17.190061478031748,-24.09084020235764,0.0013521751682823437,-121188437.59967357,-89326521.16577601,5970.294687451882,17.190721156976217,-24.09083758976731,0.0013479941573013854,5315.606392834611,3.530727129799549e-05,0.0006596973671746386,2.2290803284634294e-05,871.2178455591202,5.786795063358271e-06
2461158.5,A.D. 2026-Apr-28 00:00:00.0000,-119689513.0384488,-91391203.02615479,6153.738927390427,17.594618201321374,-23.787339038576796,0.0013317066497293695,-119685644.09788895,-91394905.93769038,6085.889347956832,17.595268342299757,-23.787317281206686,0.0013277458799067785,5355.824722812275,3.556514924499902e-05,0.0006505169964147786,2.1986361795960825e-05,827.6969642341137,5.49629003675867e-06
2461159.5,A.D. 2026-Apr-29 00:00:00.0000,-118152055.78731056,-93433077.6982203,6267.900599963962,17.99375847287511,-23.477176256610615,0.0013108625537014973,-118148130.97470893,-93436778.07237762,6199.718559382509,17.99439838574296,-23.4771354727069,0.0013071283489863301,5394.587255085785,3.58132999075684e-05,0.0006412220750468028,2.1677842944204248e-05,783.1963149309158,5.19944217913614e-06
2461160.5,A.D. 2026-Apr-30 00:00:00.0000,-116580350.593536,-95447870.06188293,6380.245333641768,18.38737730545515,-23.160450280730625,0.0012896489225138197,-116576370.81973955,-95451566.2579398,6311.750695385693,18.388006302703378,-23.160390603306503,0.0012861479937285262,5431.86489865616,3.605154186742231e-05,0.0006318316150134043,2.136588683591021e-05,737.7432008087635,4.896436194122447e-06
2461161.5,A.D. 2026-May-01 00:00:00.0000,-114974878.97904794,-97435017.36285466,6490.741477161646,18.775371542634442,-22.837261024231033,0.001268072227032846,-114970845.21403483,-97438707.75209552,6421.954688538655,18.775988944944412,-22.83718259880589,0.0012648113224370558,5467.628786994482,3.6279695304548965e-05,0.0006223719090419499,2.105138066090544e-05,691.3664982616901,4.587466866874629e-06
2461162.5,A.D. 2026-May-02 00:00:00.0000,-113336131.29883446,-99393965.5423545,6599.35795506835,19.157639874313027,-22.507709852566077,0.0012461393108420538,-113332044.5707908,-99397648.50911003,6530.300037070225,19.15824501538853,-22.507612836461682,0.001243124920345112,5501.850526985114,3.6497583633957874e-05,0.0006128759518234064,2.0735439410209232e-05,644.0970520079136,4.272741672777935e-06
2461163.5,A.D. 2026-May-03 00:00:00.0000,-111664606.58076076,-101324169.36098744,6706.064295426012,19.534082852088765,-22.171899546638606,0.0012238572787470758,-111660467.97479092,-101327843.30368005,6636.75681141842,19.534675082222602,-22.171784109790334,0.001221095447439834,5534.502489795406,3.67050354179709e-05,0.0006033819893527709,2.041935705032482e-05,595.9678941071033,3.952482215250283e-06
2461164.5,A.D. 2026-May-04 00:00:00.0000,-109960812.3640657,-103225092.51946506,6810.8306462466735,19.904602904291156,-21.82993426643395,0.0012012333499828998,-109956623.02066234,-103228755.85178217,6741.295660595605,19.90518159232958,-21.829800593493513,0.0011987296362975571,5565.55809700998,3.69018862442922e-05,0.0005939314517698485,2.0104536746087246e-05,547.0142592489719,3.6269243114461248e-06
2461165.5,A.D. 2026-May-05 00:00:00.0000,-108225264.5365814,-105096207.77620445,6913.627778515219,20.269104350477537,-21.481919515144376,0.0011782746998560967,-108221025.65000007,-105099858.92849681,6843.887818367079,20.269668884060437,-21.481767808517162,0.0011760342899305115,5594.992061961246,3.7087980304426826e-05,0.000584566579953595,1.9792410602707857e-05,497.2733989059925,3.29631674545682e-06
2461166.5,A.D. 2026-May-06 00:00:00.0000,-106458487.17073049,-106936997.0618523,7014.427075870334,20.62749341520508,-21.127962103873575,0.0011549883132868644,-106454199.98741561,-106940634.4828197,6944.505109244162,20.628043199360636,-21.12779258725551,0.0011530162796455732,5622.780553324055,3.726317145482256e-05,0.0005753280719879344,1.9484359957111662e-05,446.7842210829258,2.9609188684555997e-06
2461167.5,A.D. 2026-May-07 00:00:00.0000,-104661012.35837011,-108746951.59078565,7113.200512997807,20.979678240925594,-20.768170116956718,0.0011313808708255382,-104656678.17556523,-108750573.74947314,7043.119954292786,20.980212695265525,-20.767983038910657,0.001129682542915614,5648.901258491521,3.742732361273852e-05,0.0005662530539491105,1.918164653702155e-05,395.58680164813995,2.6209973523535898e-06
2461168.5,A.D. 2026-May-08 00:00:00.0000,-102833380.04456432,-110525571.96964306,7209.920626051724,21.32556889988809,-20.402652877886755,0.001107458682430007,-102829000.20921184,-110529177.35773176,7139.705376758753,21.326087454779017,-20.402448515017877,0.001106040081263992,5673.333338191322,3.758031043144077e-05,0.0005573736354638177,1.888536333532624e-05,343.72182604670525,2.276822487750192e-06
2461169.5,A.D. 2026-May-09 00:00:00.0000,-100976137.86037418,-112272368.30293699,7304.5604798048735,21.66507740497326,-20.03152091580406,0.0010832276781771455,-100971713.76837346,-112275955.43727708,7234.235007510808,21.66557949715003,-20.031299575145933,0.0010820959581626574,5696.057274710705,3.772201427162472e-05,0.000548716248805777,1.859641197295763e-05,291.2300255596638,1.928664451683418e-06
2461170.5,A.D. 2026-May-10 00:00:00.0000,-99089840.95475945,-113986860.29579097,7397.093636952341,21.99811771932386,-19.654885932556557,0.0010586934740901557,-99085374.05060817,-113990427.7210963,7326.683090302684,21.99860278756122,-19.654647952781456,0.001057857296944333,5717.054630744822,3.785232458285087e-05,0.0005403020150292412,1.8315514851114426e-05,238.15167167782784,1.5767899659064904e-06
2461171.5,A.D. 2026-May-11 00:00:00.0000,-97175051.82570176,-115668577.3538562,7487.49413587153,22.32460576495129,-19.272860770040232,0.0010338614836093996,-97170543.60248828,-115672123.64544211,7417.024486855405,22.325073246244536,-19.272606521405436,0.0010333312787291788,5736.30774333629,3.797113585784762e-05,0.0005321479201760152,1.804325479429843e-05,184.526204764843,1.2214598490812e-06
2461172.5,A.D. 2026-May-12 00:00:00.0000,-95232340.15062983,-117317058.68040946,7575.736480467022,22.644459430006744,-18.885559377946727,0.0010087371097524667,-95227792.15030994,-117320582.44686973,7505.234681761082,22.644908757038092,-18.885289260769593,0.0010085251403663326,5753.799395176706,3.807834544002306e-05,0.0005242691249859312,1.7780153196558577e-05,130.3920165002346,8.629275902596245e-07
2461173.5,A.D. 2026-May-13 00:00:00.0000,-93262282.61627531,-118931853.3706821,7661.795649237931,22.957598574916933,-18.493096781624164,0.000983325972838678,-93257696.43008773,-118935353.25636928,7591.289787209531,22.958029175398977,-18.492811223379732,0.0009834461723906617,5769.512513809667,3.8173851518683e-05,0.0005166820110548498,1.752677326048339e-05,75.78646296262741,5.014394504452145e-07
2461174.5,A.D. 2026-May-14 00:00:00.0000,-91265462.74803334,-120512520.50339645,7745.647123955192,23.263945037662918,-18.095589049618994,0.0009576341420522994,-91260840.01687978,-120515995.19061154,7675.166547538999,23.264356335886355,-18.095288501192606,0.000958101716995048,5783.429957428313,3.8257551699806895e-05,0.0005094073064188467,1.7283826070805663e-05,20.746089100837708,1.372359624282589e-07
2461175.5,A.D. 2026-May-15 00:00:00.0000,-89242470.73890316,-122058629.2294825,7827.266938038169,23.5634226382848,-17.693153260807858,0.000931668347329051,-89237813.15348853,-122062077.44032563,7756.842343612382,23.56381405912939,-17.692838192532154,0.0009324991660184822,5795.534447899466,3.8329342552398236e-05,0.0005024728711026345,1.7052265265059032e-05,34.69296446442604,2.294453654049322e-07
2461176.5,A.D. 2026-May-16 00:00:00.0000,-87193903.27805504,-123569758.85792403,7906.63174007833,23.85595718313834,-17.285907470765746,0.0009054361109690492,-87189212.57858144,-123573179.35582799,7836.295197020322,23.85632815829431,-17.285578369230677,0.0009066459589502183,5805.808702665311,3.8389120470415424e-05,0.0004959151645838226,1.683333707786851e-05,90.49444615840912,5.983666313159537e-07
2461177.5,A.D. 2026-May-17 00:00:00.0000,-85120363.37901756,-125045498.93866083,7983.718863412737,24.141476469507673,-16.873970677283097,0.0008789457510420817,-85115641.35427384,-125048890.52972229,7913.503774112549,24.14182644506491,-16.873628043999723,0.0008805495809502006,5814.23578531517,3.8436783979205755e-05,0.0004897785518072688,1.6628557052358496e-05,146.6214977502823,9.692862559803659e-07
2461178.5,A.D. 2026-May-18 00:00:00.0000,-83022460.20743519,-126485449.34248672,8058.506390072407,24.419910290992572,-16.457462785385612,0.0008522062463836022,-83017708.69321604,-126488810.8767902,7988.447389858902,24.420238735150626,-16.457107138035077,0.0008542175608859506,5820.79964538467,3.8472237289857346e-05,0.00048411222695597824,1.6439605809563938e-05,203.03632158041,1.3419567788241761e-06
2461179.5,A.D. 2026-May-19 00:00:00.0000,-80900808.90832236,-127889220.33792797,8130.973197974264,24.69119044375014,-16.036504572568045,0.0008252269956354752,-80896029.78522354,-127892550.7110934,8061.106011541459,24.691496853336332,-16.036136448859615,0.0008276574693860672,5825.485768451105,3.849539457830631e-05,0.00047896534991650645,1.6268163967644123e-05,259.7001237273216,1.71612447996355e-06
2461180.5,A.D. 2026-May-20 00:00:00.0000,-78756030.43275139,-129256432.6651575,8201.098985001445,24.95525073328881,-15.611217655071394,0.0007980175355166708,-78751225.62349129,-129259730.82030787,8131.460262279202,24.95553463808771,-15.610837618407427,0.0008008769169104652,5828.281820017853,3.850618421871977e-05,0.0004743816784607557,1.611572971886049e-05,316.57336780428886,2.0915310542370337e-06
2461181.5,A.D. 2026-May-21 00:00:00.0000,-76588751.36395016,-130586717.60706529,8268.864269904792,25.212026981203376,-15.1817244558491,0.0007705872957552984,-76583922.83042815,-130589982.53731097,8199.49142438668,25.212287945725954,-15.181333101351974,0.0007738835518374491,5829.178164547824,3.850455218785193e-05,0.0004703952484548912,1.59834717979572e-05,373.6162828505039,2.4679169610463278e-06
2461182.5,A.D. 2026-May-22 00:00:00.0000,-74399603.74284743,-131879717.05764276,8334.250375859441,25.46145703112408,-14.748148174420757,0.0007429454543901313,-74394753.48314871,-131882947.80904296,8265.181442568142,25.461694654185585,-14.747746133680588,0.0007466850585676859,5828.168174690239,3.849046408072255e-05,0.00046702832971304005,1.5872159625358077e-05,430.7894877791405,2.8450255395379276e-06
2461183.5,A.D. 2026-May-23 00:00:00.0000,-72189224.89315836,-133135083.58783302,8397.239406973125,25.703480753352963,-14.310612758236056,0.0007151009168273604,-72184354.93865816,-133138279.26266344,8328.512926948535,25.70369466636864,-14.310200701517195,0.0007192891556451208,5825.248302420276,3.846390555296079e-05,0.0004642919977553118,1.5782182306520478e-05,488.0545644760132,3.2226067796796207e-06
2461184.5,A.D. 2026-May-24 00:00:00.0000,-69958257.24612564,-134352480.50894213,8457.814227223396,25.938040048304764,-13.869242874700854,0.00068706237886218,-69953369.65876453,-134355640.26902547,8389.469155942968,25.938229913108657,-13.868821510194637,0.000691703593894845,5820.417944236392,3.842488140422294e-05,0.00046218852401750787,1.5713629498330304e-05,545.3744495213032,3.6004198915819876e-06
2461185.5,A.D. 2026-May-25 00:00:00.0000,-67707348.1650038,-135531581.93364167,8515.958446390927,26.165078848832916,-13.424163883437588,0.0006588384368830801,-67702445.03475057,-135534705.00348833,8448.034078965935,26.165244355757444,-13.423733953577548,0.0006639361545779054,5813.679150679738,3.8373413636245075e-05,0.0004607148937754659,1.5666410733339913e-05,602.7135884463787,3.97823430468025e-06
2461186.5,A.D. 2026-May-26 00:00:00.0000,-65437149.76940188,-136672072.83457196,8571.656418055296,26.384543121538158,-12.97550180821257,0.0006304377268611107,-65432233.211838804,-136675158.5040901,8504.192318981883,26.384683988407566,-12.975064083636203,0.0006359946475630161,5805.036266112362,3.830953905389478e-05,0.0004598664578113838,1.5640379439075526e-05,660.0378122627735,4.355828833238604e-06
2461187.5,A.D. 2026-May-27 00:00:00.0000,-63148318.75952089,-137773649.10048538,8624.893247283995,26.59638086767782,-12.52338330821289,0.0006018690269922189,-63143390.91347915,-137776696.7271031,8557.929174898525,26.59649683976311,-12.522938580271484,0.0006078869095151088,5794.495560371705,3.8233306816247665e-05,0.00045963972994536383,1.5635428044668648e-05,717.3140036165714,4.732989454927477e-06
2461188.5,A.D. 2026-May-28 00:00:00.0000,-60841516.24033749,-138836017.58988366,8675.654806435108,26.800542123670613,-12.067935648685914,0.0005731413254945751,-60836579.26548998,-138839026.5999919,8609.23062380441,26.800632974671256,-12.067484721390558,0.0005796208021006361,5782.064912160223,3.8144776332499106e-05,0.0004600340352971982,1.565154408886204e-05,774.5096074640751,5.109506066242199e-06
2461189.5,A.D. 2026-May-29 00:00:00.0000,-58517407.54574921,-139858896.18209058,8723.927754253149,26.996978961462027,-11.609286670968903,0.0005442638365815711,-58512463.62008093,-139861866.07179803,8658.08332305212,26.997044495326747,-11.608830353232468,0.000551204210209517,5767.753581504771,3.804401574842065e-05,0.0004610517680215843,1.568881906589102e-05,831.5920749604702,5.485168800814824e-06
2461190.5,A.D. 2026-May-30 00:00:00.0000,-56176662.062691584,-140842013.8257142,8769.699554346502,27.185645488835924,-11.147564762053243,0.0005152459680228817,-56171713.37978561,-140844944.16097027,8704.474612188524,27.185685542161266,-11.147103860942567,0.000522645040193593,5751.572090298901,3.793110114794961e-05,0.00046269736217375185,1.5747413477722686e-05,888.5283198654652,5.8597644338807544e-06
2461191.5,A.D. 2026-May-31 00:00:00.0000,-53819953.055227585,-141785110.58446553,8812.95848890394,27.366497849746928,-10.682898823863649,0.00048609724476822425,-53815001.8213303,-141788001.00066423,8748.392514733616,27.366512294429295,-10.682434139394175,0.0004939512181214413,5733.532216037741,3.780611650272003e-05,0.00046497525731642214,1.582748762818037e-05,945.2842619419098,6.23307336360632e-06
2461192.5,A.D. 2026-Jun-01 00:00:00.0000,-51447957.488606215,-142687937.6803179,8853.693664319815,27.539494224706992,-10.21541824245772,0.00045682720082940176,-51443005.9194649,-142690787.88153097,8789.825739809226,27.539482970501957,-10.214950564255544,0.0004651306880493721,5713.647086400048,3.7669154287293236e-05,0.00046788727896931705,1.5929112426259955e-05,1001.8245134055614,6.604867537950051e-06
2461193.5,A.D. 2026-Jun-02 00:00:00.0000,-49061355.85328538,-143550257.53400975,8891.895006679,27.70459483122196,-9.74525285735992,0.00042744525567206537,-49056406.17078082,-143553067.29201683,8828.76368361902,27.70455782787994,-9.744782963299942,0.000436191410308412,5691.931352205179,3.752031661126635e-05,0.00047142992071472233,1.605217675896122e-05,1058.112245887518,6.974909572754574e-06
2461194.5,A.D. 2026-Jun-03 00:00:00.0000,-46660831.98891601,-144371843.80291075,8927.553246572616,27.86176192424414,-9.272532931238251,0.00039796059297492203,-46655886.41753931,-144374612.9561943,8865.196430781223,27.86169916293634,-9.272061587956157,0.00040714135980706714,5668.401408012523,3.7359716665237537e-05,0.00047559200772399684,1.6196307776121475e-05,1114.1092509627342,7.34295314570563e-06
2461195.5,A.D. 2026-Jun-04 00:00:00.0000,-44247072.908288375,-145152481.41629001,8960.659894056618,28.010959796581048,-8.797389120112786,0.0003683820590394404,-44242133.671533294,-145155209.86914536,8899.114755515362,28.010871310399995,-8.79691708509651,0.0003779885243496288,5643.075625106957,3.718748024807989e-05,0.0004803531461373466,1.636081788345905e-05,1169.776187300682,7.70874461904696e-06
2461196.5,A.D. 2026-Jun-05 00:00:00.0000,-41820768.621247835,-145891966.6080395,8991.207206428051,28.152154779185626,-8.319952444255215,0.0003387180960410242,-41815837.938004926,-145894654.3299175,8930.510122684338,28.152040642589547,-8.319480469059135,0.0003487409029697749,5615.974561135608,3.700374714011418e-05,0.0004856832351825911,1.6544687909412836e-05,1225.0729824602604,8.072025679186543e-06
2461197.5,A.D. 2026-Jun-06 00:00:00.0000,-39382611.9585935,-146590106.94691646,9019.188151977956,28.285315241239495,-7.840354259899269,0.000308976721881571,-39377692.0396394,-146592753.9720729,8959.374688693208,28.285175568408246,-7.8398830939009025,0.00031940650427920156,5587.121114148253,3.680867211000536e-05,0.0004915431600241601,1.6746590505278686e-05,1279.9593433737755,8.432536689615946e-06
2461198.5,A.D. 2026-Jun-07 00:00:00.0000,-36933298.395982295,-147246721.36438063,9044.596374481916,28.410411589935656,-7.358726231836578,0.00027916556377105545,-36928391.44065586,-147249327.79184896,8985.70130224591,28.41024653210909,-7.358256625877146,0.00028999334483100414,5556.540592207966,3.6602425365899845e-05,0.0004978866177038326,1.6964952194590935e-05,1334.3953084349632,8.790020314814181e-06
2461199.5,A.D. 2026-Jun-08 00:00:00.0000,-34473525.87786817,-147861640.18010244,9067.42616276443,28.527416269858332,-6.875200306923228,0.0002492919470147292,-34468634.071014486,-147864206.17395177,9009.483504961265,28.527226011839605,-6.874733016144062,0.00026050944749750826,5524.260681770674,3.638519234071831e-05,0.000504662875888408,1.719804727936557e-05,1388.341774046421,9.144224972949986e-06
2461200.5,A.D. 2026-Jun-09 00:00:00.0000,-32003994.641516447,-148434705.1252208,9087.672430373728,28.636303761847902,-6.389908688472404,0.00021936303323588646,-31999120.15075844,-148437230.915,9030.715531849308,28.636088517975423,-6.389444473679341,0.00023096283986224377,5490.31130691262,3.6157172760043385e-05,0.0005118201385754017,1.7444112519857795e-05,1441.760918110609,9.494907607364516e-06
2461201.5,A.D. 2026-Jun-10 00:00:00.0000,-29525407.041142087,-148965769.36342317,9105.330708637834,28.73705058125207,-5.902983811436236,0.0001893859942962984,-29520552.014508683,-148968255.24463856,9049.392311649446,28.736810591251146,-5.902523438416325,0.0002013615526257309,5454.72438647162,3.59185790396984e-05,0.0005193090910077327,1.770146801648861e-05,1494.6164509057999,9.8418353196795e-06
2461202.5,A.D. 2026-Jun-11 00:00:00.0000,-27038467.37222958,-149454697.50990826,9120.397155769171,28.829635275454276,-5.414558318025437,0.00015936819263018265,-27033633.936128795,-149457143.84434044,9065.509467031337,28.829370800696992,-5.414102554586835,0.00017171361802474703,5417.533511925523,3.5669634163736694e-05,0.0005270859690169861,1.796862196689985e-05,1546.873636096716,1.018478548875427e-05
2461203.5,A.D. 2026-Jun-12 00:00:00.0000,-24543881.696100034,-149901365.64824814,9132.868580430746,28.914038420608343,-4.92476503372728,0.00012931735444299264,-24539071.953576017,-149903772.8639134,9079.063314659828,28.91374974138914,-4.924314644267462,0.00014202706826472018,5378.773597483781,3.5410569381987395e-05,0.0005351148418238973,1.824434867222749e-05,1598.4990710914135,1.0523544305788302e-05
2461204.5,A.D. 2026-Jun-13 00:00:00.0000,-22042357.664793767,-150305661.34517518,9142.742478333414,28.9902426176445,-4.433736942720443,9.924166038532967e-05,-22037573.693954576,-150308029.93573016,9090.050865124982,28.98993003202157,-4.433292681123963,0.00011230993396488872,5338.480552880799,3.514162205945388e-05,0.0005433681234162701,1.8527706180619803e-05,1649.4602155983448,1.0857903653387461e-05
2461205.5,A.D. 2026-Jun-14 00:00:00.0000,-19534604.346320495,-150667483.6631949,9150.017071619632,29.05823248779037,-3.9416071623763527,6.914973660032686e-05,-19529848.19878612,-150669814.18669868,9098.469822738292,29.057896312306617,-3.9411697643481802,8.257024261585653e-05,5296.6910698353195,3.486303427601055e-05,0.0005518252448984657,1.8817991211884574e-05,1699.7247900664806,1.1187657130570566e-05
2461206.5,A.D. 2026-Jun-15 00:00:00.0000,-17021332.0503062,-150986743.1709526,9154.691343113782,29.117994667946764,-3.448508916548972,3.905053501895849e-05,-17016605.749512035,-150989036.24798802,9104.318585196195,29.1176352402113,-3.44807909278169,5.281601704916029e-05,5253.4425762611645,3.457505253167809e-05,0.0005604696748597648,1.9114637697545963e-05,1749.260148882866,1.1512595914247116e-05
2461207.5,A.D. 2026-Jun-16 00:00:00.0000,-14503252.15402529,-151263361.95122224,9156.765055194497,29.169517806495854,-2.9545755073497375,8.953103279862871e-06,-14498557.693241302,-151265618.2625273,9107.596243111831,29.169135489036012,-2.9541539392202534,2.3055273918458982e-05,5208.773399732784,3.427792882980087e-05,0.0005692848137033201,1.9417076841949383e-05,1798.0328010618687,1.1832505593660125e-05
2461208.5,A.D. 2026-Jun-17 00:00:00.0000,-11981076.928759234,-151497273.6064162,9156.238746330142,29.212792559973767,-2.4599402861056925,-2.113368291833951e-05,-11976416.26875733,-151499493.89029112,9108.30257941604,29.212387744341868,-2.4595276248928797,-6.7039778080543106e-06,5162.723120090172,3.397192300492045e-05,0.0005782501091913725,1.9724604645608684e-05,1846.0082211494446,1.2147164915991805e-05
2461209.5,A.D. 2026-Jun-18 00:00:00.0000,-9455519.366401209,-151688423.26158732,9153.113706208766,29.24781159069154,-1.9647366245415583,-5.120133993485876e-05,-9450894.43279664,-151690608.31138787,9106.43806862861,29.247384700732752,-1.9643334941092583,-3.6453738344424986e-05,5115.333038294746,3.365730581514823e-05,0.0005873386366598801,2.0036299326950507e-05,1893.1510123610497,1.24563468498103e-05
2461210.5,A.D. 2026-Jun-19 00:00:00.0000,-6927293.006233692,-151836767.56498426,9147.391936026515,29.274569565040018,-1.4690978871103941,-8.124188757341333e-05,-6922705.686611653,-151838918.22696447,9102.003876000677,29.27412105849741,-1.4687048890690795,-6.618601857330814e-05,5066.646656701447,3.333436210909319e-05,0.0005965167712899287,2.0351010087063985e-05,1939.4253804981709,1.27598216922395e-05
2461211.5,A.D. 2026-Jun-20 00:00:00.0000,-4397111.761840027,-151942274.6862888,9139.076104998589,29.29306315199611,-0.9731574050077596,-0.00011124783062105295,-4392563.902829406,-151944391.857942,9095.001856529061,29.29259352011703,-0.9727751248266869,-9.589284152235859e-05,5016.710070245144,3.300339340639161e-05,0.0006057458331516927,2.0667413193192478e-05,1984.7957917451859,1.3057361384074554e-05
2461212.5,A.D. 2026-Jun-21 00:00:00.0000,-1865689.7481550472,-152004924.31268233,9128.169513285162,29.30329102131998,-0.4770484519102365,-0.00014121202981806638,-1861183.1526177044,-152007008.94159335,9085.434553843546,29.30280078664303,-0.4766774644043464,-0.00012556624383106517,4965.572203745549,3.2664719466141805e-05,0.0006149850068327524,2.0984111592456654e-05,2029.2276585400105,1.3348744007618469e-05
2461213.5,A.D. 2026-Jun-22 00:00:00.0000,666258.8913014584,-152024707.64287743,9114.676069311798,29.30525384108626,0.01909577896433144,-0.00017112751025208806,670722.4668303472,-152026760.72597817,9073.305198967755,29.304743553949578,0.01945490595267831,-0.00015519827720846045,4913.284875675,3.23186787146215e-05,0.0006241945979311499,2.129974607241765e-05,2072.687909781933,1.3633757522093586e-05
2461214.5,A.D. 2026-Jun-23 00:00:00.0000,3198020.156944572,-152001627.3792031,9098.60028423369,29.298954274446416,0.5151421971313699,-0.00020098726438036446,3202439.004482777,-152003649.96224505,9058.617708954476,29.298424508865004,0.5154889013861653,-0.00018478100988214016,4859.902708259999,3.196562766359484e-05,0.0006333388147166791,2.161309026426976e-05,2115.1453490257263,1.391220210364005e-05
2461215.5,A.D. 2026-Jun-24 00:00:00.0000,5728880.365334567,-151935697.71776828,9079.947281993927,29.284396975725347,1.0109578370451493,-0.00023078409261700905,5733252.827315813,-151937690.89481336,9041.376685396179,29.283848325185776,1.0112915629070918,-0.00021430652803903,4805.482931130647,3.160593963016625e-05,0.0006423876365832969,2.1923114510712365e-05,2156.570778608322,1.4183890945761467e-05
2461216.5,A.D. 2026-Jun-25 00:00:00.0000,8258126.321023858,-151826944.33670613,9058.72282111645,29.261588585891143,1.5064098803484314,-0.0002605104868638186,8262450.791811647,-151828909.24944475,9021.587412811365,29.261021659576606,1.5067300817569942,-0.000243766937258342,4750.085125909236,3.1240003070052377e-05,0.0006513176910031446,2.2229015905962738e-05,2196.9368960261345,1.4448649562555062e-05
2461217.5,A.D. 2026-Jun-26 00:00:00.0000,10785045.487986958,-151675404.38248765,9034.933324597778,29.23053772756453,2.0013656785496523,-0.0002901585787697948,10789320.415097095,-151677342.2192145,8999.255856907428,29.22995314735952,2.0016718236556827,-0.00027315436393716123,4693.770963585177,3.086821986524488e-05,0.0006601121006005296,2.253021318035214e-05,2236.2179899811745,1.4706313775615106e-05
2461218.5,A.D. 2026-Jun-27 00:00:00.0000,13308926.160615552,-151481126.45423108,9008.585909992456,29.191254999817104,2.4956927764049004,-0.00031972015882519866,13313150.045713808,-151483038.44839418,8974.388662720654,29.19065339819467,2.4959843529425116,-0.0003024609567091095,4636.603978636141,3.0491003855015343e-05,0.000668759500463013,2.282631324632557e-05,2274.389530390501,1.495672700504005e-05
2461219.5,A.D. 2026-Jun-28 00:00:00.0000,15829057.634246651,-151244170.58598748,8979.688416942954,29.143752972699605,2.9892589356856303,-0.0003491867400542414,15833229.03401067,-151246058.01425013,8946.993152633957,29.143134991655252,2.9895354566184564,-0.0003316788878565283,4578.649409838279,3.010877980693429e-05,0.0006772524805120617,2.3117058096855694e-05,2311.4276897609234,1.5199737110494463e-05
2461220.5,A.D. 2026-Jun-29 00:00:00.0000,18344730.375217423,-150964608.22693968,8948.249426536264,29.088046181725094,3.481932159570237,-0.0003785496665551503,18348847.90214935,-150966472.40677124,8917.077324272814,29.087412472698276,3.4821931682962823,-0.0003608003547166285,4519.974134827769,2.9721983005620332e-05,0.0006855856794110134,2.3402259785527123e-05,2347.308884769678,1.5435193366371862e-05
2461221.5,A.D. 2026-Jun-30 00:00:00.0000,20855236.19044262,-150642522.2194731,8914.27827025205,29.02415112235488,3.973580717500152,-0.00040780024645337143,20859298.51371414,-150644364.50632963,8884.649848279996,29.02350234703295,3.9738257920660986,-0.00038981758108204905,4460.646709552966,2.933105953224403e-05,0.0006937538017731151,2.3681732767871818e-05,2382.0093947947025,1.5662943943859177e-05
2461222.5,A.D. 2026-Jul-01 00:00:00.0000,23359868.396518886,-150278006.77508432,8877.78502701968,28.952086244575185,4.464073170411174,-0.000436929893962379,23363874.242917195,-150279828.55928347,8849.720065969499,28.951423076387822,4.464301926283615,-0.00041872281859626803,4400.7375151387705,2.893646725120927e-05,0.0007017498069103952,2.3955232083876694e-05,2415.505109131336,1.5882834239729365e-05
2461223.5,A.D. 2026-Jul-02 00:00:00.0000,25857921.98836725,-149871167.44809625,8838.780508235097,28.871871947645257,4.953278396187214,-0.0004659302585463544,25861870.143390562,-149872970.15152717,8812.297986860116,28.871195073677438,4.953490487288409,-0.0004475083481443085,4340.319005777361,2.8538677461950284e-05,0.0007095635068833697,2.4222405505441552e-05,2447.7714432775974,1.60947063170442e-05
2461224.5,A.D. 2026-Jul-03 00:00:00.0000,28348693.807431642,-149422121.10717255,8797.276232972741,28.78353057507455,5.441065615148305,-0.000494793322737719,28352583.1165562,-149423906.1799952,8772.394286089053,28.782840698069112,5.441260733059521,-0.00047616648123917463,4279.46603676907,2.813817707859588e-05,0.0007171807590380592,2.4482765977997234e-05,2478.783437550068,1.629839954470895e-05
2461225.5,A.D. 2026-Jul-04 00:00:00.0000,30831482.709454484,-148930995.9046356,8753.2843965292,28.68708640986232,5.927304415363007,-0.0005235114534651863,30835312.079565514,-148932764.82212475,8730.020301705908,28.686384249949906,5.927482286815609,-0.0005046895614044565,4218.256245031169,2.7735471155594314e-05,0.0007245833698570736,2.473568835048284e-05,2508.5160317718983,1.649375239460857e-05
2461226.5,A.D. 2026-Jul-05 00:00:00.0000,33305589.731852528,-148397931.2436129,8706.817837134004,28.582565670002914,6.4118647775696065,-0.0005520773961613657,33309358.13279981,-148399685.50328106,8685.188031847354,28.58185196579356,6.412025160566955,-0.0005330699655535314,4156.770444869452,2.7331085514848417e-05,0.0007317497432219463,2.4980431527004073e-05,2536.9444843530655,1.6680605188063077e-05
2461227.5,A.D. 2026-Jul-06 00:00:00.0000,35770318.26071493,-147823077.74305445,8657.890005640686,28.46999650422383,6.894617099504377,-0.0005804842074774719,35774024.72692271,-147824818.86215013,8637.910131792783,28.469272012926726,6.894759778626494,-0.0005613001053657918,4095.0929965174105,2.6925569195167166e-05,0.0007386562131593722,2.5216183994641667e-05,2564.044881373644,1.685880343417171e-05
2461228.5,A.D. 2026-Jul-07 00:00:00.0000,38224974.19744042,-147206597.20068002,8606.514943674209,28.349408987878157,7.375432219472176,-0.0006087251310993302,38228617.829476126,-147208326.71410075,8588.199910901185,28.348674484193698,7.3755570010870075,-0.0005893724286603165,4033.312103533625,2.6519496435539966e-05,0.0007452789014694142,2.544212727597486e-05,2589.7946630120277,1.702820128260261e-05
2461229.5,A.D. 2026-Jul-08 00:00:00.0000,40668866.12502177,-146548662.5539264,8552.707274384797,28.22083511886207,7.854181439059811,-0.0006367934314588375,40672446.09101085,-146550382.01252064,8536.0713294294,28.220091392518164,7.854288147271572,-0.0006172794207674068,3971.5199980532616,2.6113467922793268e-05,0.0007515958446466064,2.565750857552469e-05,2614.1730836629868,1.718866454111393e-05
2461230.5,A.D. 2026-Jul-09 00:00:00.0000,43101305.4739722,-145849457.83896986,8496.48220859468,28.084308813373863,8.33073654499101,-0.0006646822108362648,43104821.01074266,-145851168.80812606,8481.538995231942,28.083556665360437,8.33082501916424,-0.0006450136058983911,3909.8129798671516,2.570811107997613e-05,0.000757589049187886,2.586171097557939e-05,2637.161519050598,1.7340072688053476e-05
2461231.5,A.D. 2026-Jul-10 00:00:00.0000,45521606.68787035,-145109178.14789298,8437.855566203594,27.93986590127874,8.80496983025945,-0.0006923842443389284,45525057.10172506,-145110882.2062486,8424.618160342592,27.93910613906812,8.80503992482789,-0.000672567548514104,3848.2912931628484,2.5304079289134286e-05,0.0007632460721450397,2.605430741300497e-05,2658.743549436331,1.7482319413798145e-05
2461232.5,A.D. 2026-Jul-11 00:00:00.0000,47929087.38847764,-144328029.58404616,8376.843809626998,27.787544120801925,9.276754114859967,-0.000719891872055456,47932472.05552918,-144329728.32209823,8365.32471743772,27.786777553117847,9.276805701816018,-0.0006999338546924314,3787.058846758054,2.490205008662667e-05,0.0007685607007676018,2.6235083886149524e-05,2678.9047763347626,1.761531141104384e-05
2461233.5,A.D. 2026-Jul-12 00:00:00.0000,50323068.540359065,-143506229.2156167,8313.464082725346,27.62738311230675,9.74596276666098,-0.0007471969888026564,50326386.90642131,-143507924.23400408,8303.67519618154,27.62661054424547,9.745995740585249,-0.0007271051734953112,3726.2228165951847,2.4502722585608952e-05,0.0007735323975328539,2.6404020502144046e-05,2697.6323813796043,1.7738965470480908e-05
2461234.5,A.D. 2026-Jul-13 00:00:00.0000,52702874.61492296,-142644005.02736437,8247.734245419504,27.45942441109518,10.21246972303877,-0.000774291149420403,52706126.19502848,-142645697.93463212,8239.686759453234,27.45864664046143,10.21248400791507,-0.000754074198335562,3665.8932010901403,2.410681458952664e-05,0.0007781644694573503,2.6561228969142724e-05,2714.914501130581,1.7853204366594648e-05
2461235.5,A.D. 2026-Jul-14 00:00:00.0000,55067833.75379965,-141741595.8704322,8179.672894462944,27.283711439277077,10.676149513994067,-0.0008011657886357606,55071018.13148177,-141743288.28017828,8173.377199455975,27.282929254948357,10.67614507034126,-0.0007808336683439129,3606.1824145189594,2.3715059956457136e-05,0.000782461158947546,2.6706853279634133e-05,2730.7395453453064,1.7957952371627586e-05
2461236.5,A.D. 2026-Jul-15 00:00:00.0000,57417277.93149389,-140799251.4100843,8109.2993621602645,27.100289497284088,11.136877286879981,-0.0008278124894065542,57420394.75802716,-140800944.93753654,8104.764933707823,27.099503679836694,11.13685411760943,-0.0008073763697365872,3547.2050167655725,2.332820686070779e-05,0.0007864245104990032,2.684096275943986e-05,2745.095638155937,1.8053131577300235e-05
2461237.5,A.D. 2026-Jul-16 00:00:00.0000,59750543.11730992,-139817232.07124653,8036.633692383767,26.90920575554549,11.594528832558973,-0.0008542232341133271,59753592.111093305,-139818928.32943988,8033.869000914456,26.908417079854733,11.594486986154667,-0.000833695137183791,3489.0776135137576,2.2947017175847996e-05,0.0007900518144447526,2.69634648382037e-05,2757.9703140854836,1.813865989185137e-05
2461238.5,A.D. 2026-Jul-17 00:00:00.0000,62066969.4365826,-138795808.98174635,7961.696598142386,26.7105092468578,12.04898061230039,-0.0008803905671834755,62069950.382805005,-138797509.57757035,7960.709056723555,26.709718485848423,12.048920182613436,-0.0008597828551794387,3431.9189257190974,2.2572266971726464e-05,0.0007933343549915413,2.7074062362676992e-05,2769.3505560457706,1.8214451285811274e-05
2461239.5,A.D. 2026-Jul-18 00:00:00.0000,64365901.33129267,-137735263.9132355,7884.509410865606,26.50425085975434,12.50010978438178,-0.0009063076227500133,64368814.08193088,-137736970.44363716,7885.305369360811,26.503458788166412,12.500030907373494,-0.0008856324594124417,3375.8499560598684,2.2204747650243934e-05,0.0007962577756082735,2.7172266126774135e-05,2779.2231555581093,1.8280418157242307e-05
2461240.5,A.D. 2026-Jul-19 00:00:00.0000,66646687.72014716,-136635889.21985275,7805.09403268993,26.29048333271468,12.947794229717362,-0.0009319680310415634,66649532.19425379,-136637603.26841718,7807.678815147379,26.28969072990525,12.947697078167488,-0.0009112369381398702,3320.994144167872,2.1845267008416284e-05,0.0007988037402086946,2.7257451626457105e-05,2787.5752878189087,1.8336475111046973e-05
2461241.5,A.D. 2026-Jul-20 00:00:00.0000,68908682.15818313,-135497987.77472535,7723.472900748252,26.069261248840483,13.391912576253064,-0.0009573657472978783,68911458.34235112,-135499710.90875536,7727.8508738985975,26.068468900009435,13.391797353715711,-0.0009365893335622868,3267.4774041566166,2.1494649528258108e-05,0.0008009522848117732,2.73289393642513e-05,2794.3951630592346,1.8382543241770772e-05
2461242.5,A.D. 2026-Jul-21 00:00:00.0000,71151242.99591616,-134321872.9044135,7639.668967433275,25.840641030586085,13.832344222225977,-0.0009824948548109447,71153950.94477257,-134323606.67252064,7645.843624203753,25.839849726220745,13.832211157423266,-0.000961682743201534,3215.4279629146395,2.115373535675963e-05,0.0008026842369920819,2.7386077441515533e-05,2799.6726191341877,1.841855403193274e-05
2461243.5,A.D. 2026-Jul-22 00:00:00.0000,73373733.53802355,-133107868.32138282,7553.705697417261,25.60468093420133,14.268969358618353,-0.0010073493870192964,73376373.37460208,-133109614.25151064,7561.679738586715,25.603891467870888,14.268818701136667,-0.000986510321281251,3164.975949024529,2.082337764535889e-05,0.0008039832276549468,2.7428310208916015e-05,2803.3995563089848,1.8444452214509106e-05
2461244.5,A.D. 2026-Jul-23 00:00:00.0000,75575522.20152622,-131856308.05455686,7465.607077859344,25.36144104366239,14.701668991216213,-0.0010319231989299738,75578094.11739004,-131858067.6523021,7475.382478547151,25.360654208511185,14.701501008964705,-0.001011065280110369,3116.2527166516898,2.0504438144837725e-05,0.0008048370299432458,2.7455223928579066e-05,2805.570162177086,1.8460197256778605e-05
2461245.5,A.D. 2026-Jul-24 00:00:00.0000,77755982.67342009,-130567536.37796743,7375.397637151183,25.110983263989073,15.130324962629006,-0.001056209901196148,77758486.9284413,-130569311.12504002,7386.975689482078,25.110199848372876,15.130139941168235,-0.0010353408914698288,3069.3899123846995,2.019778110684656e-05,0.0008052381537254447,2.746656701442101e-05,2806.1809170544147,1.846576340144407e-05
2461246.5,A.D. 2026-Jul-25 00:00:00.0000,79914494.06770296,-129241907.73749562,7283.102466650307,24.853371313936762,15.55481997450098,-0.0010802028564125266,79916930.98944433,-129243699.09015915,7296.483795487454,24.85259209665118,15.554618218123117,-0.0010593304880027442,3024.518308532527,1.990426564524554e-05,0.0008051837491668451,2.746224668698042e-05,2805.2303998470306,1.8461138395873983e-05
2461247.5,A.D. 2026-Jul-26 00:00:00.0000,82050441.08174379,-127879786.67568007,7188.747240200641,24.588670718082867,15.975037610052718,-0.0011038952305293392,82052811.06442578,-127881596.0630322,7203.93179403949,24.587896463606008,15.974819444360506,-0.001083027464608216,2981.766435123988,1.962473676788307e-05,0.0008046749206040516,2.7442305508317333e-05,2802.718934983015,1.8446321175761753e-05
2461248.5,A.D. 2026-Jul-27 00:00:00.0000,84163214.1519416,-126481547.75455661,7092.358227103949,24.316948798287473,16.390862357181874,-0.001127280096559602,84165517.65501457,-126483376.57653758,7109.345250555398,24.316180252472073,16.39062813268831,-0.001106425279838992,2941.2590508577578,1.9360015342091124e-05,0.0008037155635769342,2.7406881659506146e-05,2798.6481324732304,1.842131884506922e-05
2461249.5,A.D. 2026-Jul-28 00:00:00.0000,86252209.6086206,-125047575.4764717,6993.962294161321,24.038274664606256,16.80217963216303,-0.0011503505717103124,86254447.15499806,-125049425.10153894,7012.750292833178,24.037512551170597,16.801929728397337,-0.001129517457303141,2903.115510885149,1.9110887373321967e-05,0.0008023109120377384,2.7356159351377502e-05,2793.0203945338726,1.838614343493816e-05
2461250.5,A.D. 2026-Jul-29 00:00:00.0000,88316829.8301224,-123578264.2028306,6893.586895681918,23.75271920574407,17.208875803906956,-0.0011730999688905897,88319002.00415356,-123580135.96526983,6914.173605370153,23.751964223814873,17.208610633555445,-0.001152297587069895,2867.448075071676,1.8878092882826855e-05,0.0008004659691865225,2.7290315293041304e-05,2785.838439643383,1.8340808776048236e-05
2461251.5,A.D. 2026-Jul-30 00:00:00.0000,90356483.39605254,-122074018.07071139,6791.260049648584,23.460355079086945,17.610838218994108,-0.0011955219481860624,90358590.841337,-122075913.26761559,6813.6424235598115,23.45960790200146,17.610558231392655,-0.0011747593270798006,2834.360228220287,1.866231485375269e-05,0.0007981840266993202,2.7209468206071932e-05,2777.104921013117,1.8285327991070286e-05
2461252.5,A.D. 2026-Jul-31 00:00:00.0000,92370585.23965424,-120535250.90729226,6687.010302133859,23.161256700479125,18.00795522728907,-0.0012176106443337886,92372628.65680881,-120537170.79528385,6711.184527766681,23.160517975878705,18.007660910780004,-0.0011968964045592913,2803.9450709701127,1.846416863134598e-05,0.0007954654753696781,2.711363830676505e-05,2766.8221870064735,1.821971192044851e-05
2461253.5,A.D. 2026-Aug-01 00:00:00.0000,94358556.79929368,-118962386.14204031,6580.86668226868,22.855500233909208,18.400116208130047,-0.0012393607499090464,94360536.94377899,-118964331.93385655,6606.828237278732,22.8547705849838,18.399808090804417,-0.0012187026174397741,2776.283843047489,1.82841921828627e-05,0.0007923071368724247,2.7002724581230983e-05,2754.992225587368,1.8143968759202414e-05
2461254.5,A.D. 2026-Aug-02 00:00:00.0000,96319826.16905625,-117355856.71661825,6472.858652748168,22.5431635812713,18.787211596910854,-0.001260767532946794,96321743.8491498,-117357829.57771373,6500.602404137004,22.54244360883969,18.78689024544162,-0.0012401718357813207,2751.444631268997,1.8122837562153636e-05,0.0007887022580171195,2.6876504658696608e-05,2741.6168070435524,1.8058104999483465e-05
2461255.5,A.D. 2026-Aug-03 00:00:00.0000,98253828.24846758,-115716104.99248676,6363.016061916947,22.224326372373795,19.169132911817844,-0.0012818267830052579,98255684.32343516,-115718106.03782198,6392.536406842027,22.22361665730263,19.168798928328993,-0.001261298003200998,2729.4813004732837,1.7980463830675552e-05,0.0007846412453229987,2.6734659916456955e-05,2726.697810947895,1.79621275875492e-05
2461256.5,A.D. 2026-Aug-04 00:00:00.0000,100160004.8913667,-114043582.65619868,6251.36910365522,21.899069955314832,19.545772780466635,-0.0013025346855020106,100161800.26983558,-114045612.94737783,6282.660143936613,21.898371060651144,19.545426797639585,-0.0012820751383058912,2710.432668011433,1.7857331571500818e-05,0.000780113107579389,2.6576824691265592e-05,2710.2376919984818,1.785604699750905e-05
2461257.5,A.D. 2026-Aug-05 00:00:00.0000,102037805.05396518,-112338750.62240586,6137.9482908546925,21.567477387260777,19.917024966173067,-0.0013228876364559385,102039540.69244467,-112340811.16529748,6171.004027464649,21.56678985940683,19.91666764105839,-0.0013024973361308151,2694.321922378233,1.7753599001139323e-05,0.0007751074453785851,2.6402654087151614e-05,2692.240009814501,1.7739880729204208e-05
2461258.5,A.D. 2026-Aug-06 00:00:00.0000,103886684.94212428,-110602078.93462074,6022.784446500243,21.229633425548588,20.2827843936212,-0.0013428820236542907,103888361.84356439,-110604170.67754439,6057.598976305461,21.228957793877367,20.282416400861564,-0.0013225587695807183,2681.1562710832854,1.7669319582157328e-05,0.0007696166974262899,2.6211900473481723e-05,2672.709930509329,1.7613656623414274e-05
2461259.5,A.D. 2026-Aug-07 00:00:00.0000,105706108.15787056,-108834046.6637923,5905.908713892103,20.885624518896936,20.64294717377361,-0.00136251401108467,105707727.37010443,-108836170.4962855,5942.476409383366,20.88496129341178,20.6425691990989,-0.0013422536908777355,2670.9267893088563,1.7604440950344434e-05,0.0007636382516976975,2.6004485312142575e-05,2651.6546009480953,1.7477415341353957e-05
2461260.5,A.D. 2026-Aug-08 00:00:00.0000,107495545.84514429,-107035141.8047637,5787.352583862842,20.535538798372823,20.997410628008353,-0.0013817793682138202,107497108.45904082,-107037298.5568671,5825.668238751971,20.534888465357934,20.997023362879446,-0.0013615764330128324,2663.6084386636435,1.7558804955396044e-05,0.0007571759827890822,2.578055137720347e-05,2629.0833108127117,1.7331211448334333e-05
2461261.5,A.D. 2026-Aug-09 00:00:00.0000,109254476.83474036,-105205861.1706726,5667.147933304311,20.179466067652864,21.34607331164452,-0.001400673381624529,109255983.9819068,-105208051.61260168,5707.206862552881,20.178829083711936,21.345677449759876,-0.00138052141120197,2659.1602328255562,1.7532148663340767e-05,0.0007502408110917186,2.5540481616327842e-05,2605.0073932111263,1.7175112775490787e-05
2461262.5,A.D. 2026-Aug-10 00:00:00.0000,110982387.7883597,-103346710.28533345,5545.327067017555,19.81749779208457,21.68883503720595,-0.0014191908728271585,110983840.63828935,-103348935.12735705,5587.125157848397,19.816874577449184,21.688431273234777,-0.0013990831243466764,2657.5255461477664,1.7524106296035417e-05,0.0007428500169798463,2.528487560518298e-05,2579.4398688673973,1.700919809097878e-05
2461263.5,A.D. 2026-Aug-11 00:00:00.0000,112678773.34164827,-101458203.27360362,5421.922753162684,19.449727086144883,22.025596897921325,-0.001437326321587662,112680173.0983038,-101460463.16593806,5465.456473327825,19.449118018526384,22.0251859283275,-0.0014172561564988963,2658.6325889033146,1.7534212265173278e-05,0.0007350252937684522,2.501448308867766e-05,2552.3949045836926,1.683355354489891e-05
2461264.5,A.D. 2026-Aug-12 00:00:00.0000,114343136.24607737,-99540862.7496887,5296.96824476868,19.076248699177576,22.356261292007726,-0.0014550740601073644,114344484.1440165,-99543158.2822538,5342.234621887057,19.07565410954393,22.355843817280054,-0.001435035178329965,2662.39509777452,1.7561905623023005e-05,0.0007267898853644598,2.4730106431305723e-05,2523.887216359377,1.6648268746403573e-05
2461265.5,A.D. 2026-Aug-13 00:00:00.0000,115974987.50952749,-97595219.70330076,5170.4972834438095,18.69715899971507,22.68073194812838,-0.0014724284778786512,115976284.80978732,-97597551.40526032,5217.493873081047,18.696579171057845,22.680308675339862,-0.0014524149486035269,2668.71329891942,1.7606536310240362e-05,0.0007181654869136065,2.4432495095055962e-05,2493.931573987007,1.645343350686505e-05
2461266.5,A.D. 2026-Aug-14 00:00:00.0000,117573846.53547652,-95621813.38356532,5042.54408711195,18.312555958973583,22.998913952026456,-0.0014893841787131379,117575094.52149956,-95624181.72267205,5091.268945448871,18.311991128530313,22.998485596640908,-0.001469390315652192,2677.475181949661,1.7667373456408277e-05,0.0007091695992730288,2.4122255660704308e-05,2462.542547404766,1.624913617522859e-05
2461267.5,A.D. 2026-Aug-15 00:00:00.0000,119139241.26075476,-93621191.18058422,4913.143328160048,17.922539134344298,23.31071377406152,-0.001505936040635092,119140441.23464713,-93623596.56243189,4963.5949987110525,17.921989498907866,23.31028106017636,-0.0014859562188576899,2688.5580794329385,1.7743615700950635e-05,0.0006998139843327654,2.3799799385869785e-05,2429.734572082758,1.6035464077251137e-05
2461268.5,A.D. 2026-Aug-16 00:00:00.0000,120670708.29190004,-91593908.50460269,4782.33011052385,17.527209653528296,23.616039297047433,-0.0015220791835268699,120671861.57124482,-91596351.27193484,4834.50762583886,17.52667537681603,23.615602955859252,-0.0015021076901342682,2701.830486768646,1.7834403107714816e-05,0.0006901044111729756,2.3465333719424307e-05,2395.5223202705383,1.5812505974173418e-05
2461269.5,A.D. 2026-Aug-17 00:00:00.0000,122167793.04017821,-89540528.66277532,4650.139953032138,17.126670199563275,23.91479984391199,-0.0015378088617623575,122168900.95552948,-89543009.09499532,4704.042844995311,17.126151420359342,23.914360610667345,-0.0015178398554150491,2717.1540157570785,1.793882997190416e-05,0.000680041518474562,2.3118891784410797e-05,2359.9212977588177,1.5580356012971643e-05
2461270.5,A.D. 2026-Aug-18 00:00:00.0000,123630049.85535133,-87461622.73356487,4516.608783468605,16.721024996758384,24.206906204797143,-0.0015531203328702503,123631113.74841657,-87464141.04655261,4572.237091347614,16.720521836515417,24.20646481486801,-0.001533147936141019,2734.385354546036,1.805595768085842e-05,0.000669622428144509,2.2760387372477894e-05,2322.9485393464565,1.53391183329443e-05
2461271.5,A.D. 2026-Aug-19 00:00:00.0000,125057042.15825735,-85357769.43882748,4381.772943515331,16.310379797187117,24.49227066352052,-0.00156800874175822,125058063.38067672,-85360325.78510684,4439.127208750902,16.309892366111832,24.491827848318234,-0.0015480272507523189,2753.378114520122,1.8184826841017547e-05,0.0006588426341043792,2.2389679235476084e-05,2284.623272716999,1.5088911469232867e-05
2461272.5,A.D. 2026-Aug-20 00:00:00.0000,126448342.57223223,-83229555.0136357,4245.669202119113,15.894841867330783,24.770807023501607,-0.0015824690449708356,126449322.48479606,-83232149.48287962,4304.750441303001,15.894370268374505,24.77036350683458,-0.0015624732161814547,2773.98447783491,1.8324468101055577e-05,0.0006476978019579353,2.2006632280107105e-05,2244.9674491882324,1.4829871882580207e-05
2461273.5,A.D. 2026-Aug-21 00:00:00.0000,127803533.05337094,-81077573.07387865,4108.33477319032,15.474519974494577,25.04243063332593,-0.0015964959862557748,127804473.02548279,-81080205.69369414,4169.144424770138,15.474064305036197,25.04198712862741,-0.0015764813493480336,2796.0565941587583,1.847391133049862e-05,0.0006361852392183997,2.1611167501445074e-05,2204.006075710058,1.45621561808187e-05
2461274.5,A.D. 2026-Aug-22 00:00:00.0000,129122205.01959348,-78902424.48166256,3969.807333111764,15.04952437268841,25.30705841212462,-0.001610084124614275,129123106.42878062,-78905095.21856779,4032.3471778834246,15.049084723993781,25.30661562079313,-0.0015900472686545923,2819.4477068762217,1.8632193021869637e-05,0.000624304904294049,2.1203296190382642e-05,2161.7673179507256,1.428594183115865e-05
2461275.5,A.D. 2026-Aug-23 00:00:00.0000,130403959.47845912,-76704717.20852095,3830.125033844262,14.619966787739532,25.564608874915606,-0.0016232279091035196,130404823.70975098,-76707425.96901415,3894.397093506101,14.619543242503,25.564167485857823,-0.0016031666954830664,2844.013015621858,1.8798361959923645e-05,0.0006120598990399382,2.0783136559956123e-05,2118.2823799550533,1.4001426397486688e-05
2461276.5,A.D. 2026-Aug-24 00:00:00.0000,131648407.15365505,-74485066.19643325,3689.3265077546243,14.18596040146564,25.81500215801439,-0.001635921790647643,131649235.59868272,-74487812.82804963,3755.3329296714546,14.1855530298994,25.8145628483651,-0.0016158354556913997,2869.6102954434436,1.89714832902096e-05,0.0005994564386118284,2.0350912601272055e-05,2073.585184663534,1.3708825461121138e-05
2461277.5,A.D. 2026-Aug-25 00:00:00.0000,132855168.61007217,-72244093.21664159,3547.450861692428,13.747619834778735,26.058160044591613,-0.0016481603597906513,132855962.66578774,-72246877.50890133,3615.1938004914546,13.747228689834083,26.05772348150042,-0.0016280494811097904,2896.1003043458018,1.915064119496816e-05,0.0005865033228887024,1.9906936018047703e-05,2027.7119027376175,1.3408369536726397e-05
2461278.5,A.D. 2026-Aug-26 00:00:00.0000,134023874.37737107,-69982426.72625138,3404.5376584157348,13.30506112962231,26.294005990443353,-0.0016599384982640686,134024635.44434078,-69985248.41141292,3474.0191669361398,13.304686242013192,26.293572833743802,-0.0016398048110360178,2923.3470138343737,1.933494040353927e-05,0.000573210965698222,1.945157317378203e-05,1980.7003888189793,1.3100300372773936e-05
2461279.5,A.D. 2026-Aug-27 00:00:00.0000,135154165.0719352,-67700701.72259301,3260.6268848031764,12.858401729690236,26.52246515004574,-0.0016712515311247955,135154894.55221945,-67703560.47614737,3331.8488274838737,12.858043103429917,26.52203605554213,-0.0016510975937292767,2951.217703725078,1.9523506808688925e-05,0.0005595900899855532,1.8985200744694107e-05,1932.58959749341,1.2784867113476364e-05
2461280.5,A.D. 2026-Aug-28 00:00:00.0000,136245691.51710618,-65399559.59531728,3115.7589075267315,12.407760459973215,26.743464402983054,-0.0016820953608576166,136246390.8118005,-65402455.036183976,3188.7229086426196,12.407418069078055,26.74304002599195,-0.001661924087901906,2979.5829620105824,1.971548745748093e-05,0.0005456502871993693,1.8508156823513583e-05,1883.4190546274185,1.2462322822396236e-05
2461281.5,A.D. 2026-Aug-29 00:00:00.0000,137298114.86160353,-63079647.97618778,2969.974419072271,11.953257505155051,26.95693238084254,-0.001692466554295891,137298785.36816671,-63082579.66661053,3044.681855342438,11.952931292136093,26.956513379522974,-0.0016722806642083836,3008.3166367855,1.9910050226832788e-05,0.0005313986353913888,1.8020694079863432e-05,1833.2284582555294,1.2132921858959667e-05
2461282.5,A.D. 2026-Aug-30 00:00:00.0000,138311106.69603395,-60741620.58652869,2823.314378406853,11.49501438709825,27.16279949459809,-0.0017023623722618453,138311749.80557883,-60744588.03171008,2899.7664211994897,11.494704263611101,27.162386532572125,-0.0016821638067309095,3037.295788381767,2.010638350200512e-05,0.0005168386539530481,1.7522944399708852e-05,1782.057480275631,1.1796918580698695e-05
2461283.5,A.D. 2026-Aug-31 00:00:00.0000,139284349.16742918,-58386137.08228498,2675.81995273754,11.033153941756762,27.360997962461017,-0.0017117807218820502,139284966.26216453,-58389139.729843825,2754.017658651838,11.032859791431788,27.360591710237223,-0.0016915701144608881,3066.4006842311765,2.030369613951879e-05,0.0005019698712791825,1.7014904353290147e-05,1729.9458029568195,1.1454567598323391e-05
2461284.5,A.D. 2026-Sep-01 00:00:00.0000,140217535.09177583,-56013862.8966607,2527.5324664413934,10.567800295829208,27.551461838102217,-0.0017207200278548385,140218127.5427776,-56016900.136032544,2607.4769089674705,10.567521978980153,27.551062972899206,-0.0017004963027755706,3095.5148691709296,2.0501217931599398e-05,0.0004867881651154946,1.6496446873382763e-05,1676.9333960711956,1.110612562453639e-05
2461285.5,A.D. 2026-Sep-02 00:00:00.0000,141110368.06453118,-53625469.08030958,2378.493364486843,10.099078843571334,27.734127039011565,-0.0017291790396836149,141110937.2299764,-53628540.242239416,2460.1857921249702,10.098816203051488,27.733736242801,-0.0017089392049091086,3124.5253329171987,2.0698200716863365e-05,0.0004712869314628575,1.5967360994259365e-05,1623.0609957575798,1.0751854661564611e-05
2461286.5,A.D. 2026-Sep-03 00:00:00.0000,141962562.56915474,-51221632.13908136,2228.7441937886188,9.627116224071827,27.908931374683323,-0.0017371566100035103,141963109.79307434,-51224736.49535902,2312.1861965673547,9.626869091232617,27.908549330570626,-0.0017168957734172232,3153.322768866922,2.089392009961816e-05,0.0004554589397102,1.5427414782684795e-05,1568.3707008361816,1.039202597126722e-05
2461287.5,A.D. 2026-Sep-04 00:00:00.0000,142773844.08369902,-48803033.86935038,2078.326603721827,9.152040299052578,28.075814574342985,-0.0017446514822232473,142774370.6952098,-48806170.63291752,2163.5202688296777,9.151808498688501,28.07544196167589,-0.0017243630816346739,3181.8018982983062,2.108767760696952e-05,0.00043929856324038155,1.4876430896007519e-05,1512.9065713882446,1.002692406587716e-05
2461288.5,A.D. 2026-Sep-05 00:00:00.0000,143543949.18550193,-46370361.19097888,1927.282362844795,8.673980131078988,28.234718313933854,-0.0017516621354420887,143544456.49838397,-46373529.51649045,2014.2304030410348,8.673763484347523,28.234355802797015,-0.0017313383251246733,3209.8618146688154,2.127880298421276e-05,0.0004228039591255344,1.431436030680536e-05,1456.7151066958904,9.65684990483197e-06
2461289.5,A.D. 2026-Sep-06 00:00:00.0000,144272625.6540017,-43924305.97798727,1775.653385056182,8.193065961818279,28.385586242186385,-0.001758186725744793,144273114.96641555,-43927504.96284608,1864.3592303017404,8.192864286476178,28.385234488103574,-0.0017378188231193716,3237.4062908787823,2.1466656249974648e-05,0.00040597873077646775,1.3741338415829186e-05,1399.845496982336,9.282122596554838e-06
2461290.5,A.D. 2026-Sep-07 00:00:00.0000,144959632.5716559,-41465564.88701346,1623.4817559365176,7.7094291897811935,28.528364005752984,-0.001764223141858423,144960105.1657583,-41468793.57282316,1713.9496079364462,7.709242297633934,28.528023645421072,-0.0017438020199505022,3264.3439885602625,2.165062910656723e-05,0.00038883267926715195,1.3157710238259142e-05,1342.3495832681656,8.903079167067878e-06
2461291.5,A.D. 2026-Sep-08 00:00:00.0000,145604740.42289147,-38994839.183635175,1470.809749543667,7.223202346902791,28.662999273566797,-0.0017697691662554866,145605197.5641273,-38998096.55795302,1563.0446086241195,7.223030038999618,28.66267092227238,-0.0017492854864692455,3290.5885226346318,2.183014539428631e-05,0.00037138143084798994,1.2564017526529475e-05,1284.2815234065056,8.520072379244879e-06
2461292.5,A.D. 2026-Sep-09 00:00:00.0000,146207731.19096056,-36512834.56661095,1317.6798279266807,6.734519073397464,28.78944176073204,-0.0017748227061158406,146208174.1268794,-36516119.564837776,1411.6875094058423,6.734361134060757,28.789126011778485,-0.0017542669214543466,3316.058356338531,2.2004660423414552e-05,0.0003536449858725964,1.1960949425867134e-05,1225.6972300112247,8.133467035271742e-06
2461293.5,A.D. 2026-Sep-10 00:00:00.0000,146768398.45253578,-34020260.99006291,1164.1346196569505,6.243514090557673,28.907643252343675,-0.0017793820385367805,146768828.41109318,-34023572.49729731,1259.921780571498,6.24337028165781,28.9073406784026,-0.0017587441530074923,3340.676533993059,2.2173659230192515e-05,0.0003356455151136195,1.1349267750984676e-05,1166.6537022292614,7.743635568916737e-06
2461294.5,A.D. 2026-Sep-11 00:00:00.0000,147286547.46986595,-31517832.48359009,1010.2168787866832,5.750323171510516,29.017557627633316,-0.0017834460074706022,147286965.65729162,-31521169.33629933,1107.7910744264768,5.750193228375524,29.01726878352112,-0.0017627151399349133,3364.3702902350365,2.233665401181241e-05,0.00031740495955446586,1.072972573051196e-05,1107.2083979547024,7.350953899417401e-06
2461295.5,A.D. 2026-Sep-12 00:00:00.0000,147761995.28032944,-29006266.970270656,855.9694308023901,5.255083110315005,29.11914088471662,-0.0017870141220956977,147762402.87875038,-29009627.957688134,955.3392139396466,5.2549667402740345,29.11886631080451,-0.001766177973114173,3387.0705996489182,2.249318116343734e-05,0.00029894307945192364,1.0103002059726514e-05,1047.4187847077847,6.955798465157953e-06
2461296.5,A.D. 2026-Sep-13 00:00:00.0000,148194570.78326872,-26486286.082498554,701.4351149871947,4.757931690049967,29.21235116595181,-0.0017900865441848883,148194968.94833565,-26489669.94772943,802.6101812739171,4.7578285739527715,29.2120913913905,-0.0017691308768450439,3408.711738369434,2.2642798391777567e-05,0.0002802764567294793,9.469667267825206e-06,987.3421573638916,6.558545024868386e-06
2461297.5,A.D. 2026-Sep-14 00:00:00.0000,148584114.8240476,-23958614.975609034,546.6567320358009,4.259007650516912,29.297148783759372,-0.0017926639768646175,148584504.6828122,-23962020.416489672,649.6481062008053,4.258917446940653,29.29690432883179,-0.0017715722101833832,3429.2309153832534,2.27850822887601e-05,0.0002614187434192093,8.830192230319873e-06,927.0357431769371,6.159569365292425e-06
2461298.5,A.D. 2026-Sep-15 00:00:00.0000,148930480.27531832,-21423982.139259927,391.6770049957558,3.7584506560270534,29.37349624664102,-0.001794747484131776,148930862.92456454,-21427407.809070386,496.49725440054016,3.7583730074064725,29.373267623799588,-0.0017735004682568585,3448.5680188456686,2.2919626667151085e-05,0.00024238223447027593,8.185001394246067e-06,866.5570558607578,5.759249664665811e-06
2461299.5,A.D. 2026-Sep-16 00:00:00.0000,149233532.1155196,-18883119.206572562,236.53855637740347,3.2564012635209454,29.441358285024293,-0.0017963382965042734,149233908.62067038,-18886563.714719366,343.2020156493052,3.2563358031839016,29.44114599852432,-0.0017749142835613689,3466.6654865294527,2.304604172001269e-05,0.00022318064908818304,7.5345667214727305e-06,805.9644118845463,5.357969937772056e-06
2461300.5,A.D. 2026-Sep-17 00:00:00.0000,149493147.5046327,-16336760.76105437,81.28390168771148,2.7530008909559687,29.500701876698358,-0.0017974376342735348,149493518.89926934,-16340222.673842154,189.806891895353,2.752947250106009,29.5005064209538,-0.0017758124272369818,3483.4682954985424,2.3163953972791795e-05,0.00020383311419858613,6.8795420550992855e-06,745.3175091147423,4.9561239005848e-06
2461301.5,A.D. 2026-Sep-18 00:00:00.0000,149709215.8572121,-13785644.141348965,-74.04454364441335,2.248391785796222,29.55149627166163,-0.001798046576487523,149709583.14316496,-13789121.982939258,36.35648522580348,2.248349599644715,29.551318128609303,-0.0017761938103221678,3498.9240468347357,2.3273006868676257e-05,0.00018436963378106244,6.220947403014489e-06,684.6779721677303,4.554118619266945e-06
2461302.5,A.D. 2026-Sep-19 00:00:00.0000,149881638.9126899,-11230509.243867787,-229.4044484803454,1.742716993375084,29.59371301629795,-0.001798165988420309,149882003.0606008,-11234001.497495964,-117.10451427393997,1.7426859058511375,29.593552652118998,-0.0017760574849851034,3512.9831169178515,2.3372861798753158e-05,0.00016483898192027322,5.560434675024419e-06,624.1097881197929,4.152377435212749e-06
2461303.5,A.D. 2026-Sep-20 00:00:00.0000,150010330.80293217,-8672098.323363526,-384.75354658486316,1.236120324873231,29.62732597684167,-0.0017977965101856341,150010692.75314954,-8675603.432853509,-270.5313407661242,1.2360999915933677,29.627183838408175,-0.0017754026457307886,3525.5988440153073,2.346319936985517e-05,0.00014532123627311464,4.900709466330278e-06,563.679578602314,3.7513418056375497e-06
2461304.5,A.D. 2026-Sep-21 00:00:00.0000,150095218.11700407,-6111155.79150708,-540.0496187508107,0.7287463247071148,29.652311362128568,-0.0017969386022240745,150095578.78065556,-6114672.163092203,-423.87916500978304,0.7287364140887741,29.65218787352509,-0.0017742286305826957,3536.727720435245,2.3543720712517154e-05,0.00012594998355216976,4.246278214978053e-06,503.45668160915375,3.351471880113484e-06
2461305.5,A.D. 2026-Sep-22 00:00:00.0000,150136239.96308556,-3548428.0135295857,-695.2504810213577,0.22074023714519642,29.66864774563547,-0.0017955926391550754,150136600.2231675,-3551954.0179589703,-577.1031068108241,0.22074042972856003,29.66854330508078,-0.0017725349222376594,3546.3295623386466,2.361414864329656e-05,0.0001069557144884687,3.60490828544266e-06,443.51303520798683,2.9532457586187852e-06
2461306.5,A.D. 2026-Sep-23 00:00:00.0000,150133348.02746254,-984663.1029908587,-850.3139826901607,-0.2877520280298742,29.676316086810008,-0.0017937590399803582,150133708.73980206,-988197.0778735022,-730.1582475706915,-0.2877420418070848,29.676231064281062,-0.0017703211491926789,3554.3676320435834,2.3674228513532638e-05,8.875747742345293e-05,2.9907116786300627e-06,383.9228782951832,2.5571575293430134e-06
2461307.5,A.D. 2026-Sep-24 00:00:00.0000,150086506.6305037,1579389.2852646403,-1005.1980165460848,-0.7965839310033687,29.67529975170086,-0.0017914384181754173,150086868.6244768,1575849.0329507145,-882.9996429311248,-0.7965644541442398,29.675234487528265,-0.001767587086842305,3560.808689794401,2.372372859049293e-05,7.216402339320874e-05,2.4309118523310227e-06,324.7623036801815,2.163714318888816e-06
2461308.5,A.D. 2026-Sep-25 00:00:00.0000,149995692.77951485,4142978.1639053184,-1159.8605421930552,-1.3056083387473936,29.665584532926477,-0.001788631730164526,149996056.8584494,4139433.355232363,-1035.5823355124132,-1.3055796715212535,29.665539337570134,-0.0017643326585452485,3565.6229569456523,2.3762439849668424e-05,5.877818448258695e-05,1.9794432657223774e-06,266.10871878266335,1.7734327212662013e-06
2461309.5,A.D. 2026-Sep-26 00:00:00.0000,149860896.2183483,6705351.423609518,-1314.2596211829225,-1.814677563346192,29.64715866906639,-0.0017853403955729878,149861263.1596038,6701803.805155135,-1187.8613677424246,-1.8146400068051305,29.647133824172812,-0.001760557936658844,3568.7839807631467,2.379017511170489e-05,5.1399735244413096e-05,1.730476748965928e-06,208.04029095172882,1.3868351177067613e-06
2461310.5,A.D. 2026-Sep-27 00:00:00.0000,149682119.47363135,9265756.045217915,-1468.3534602667207,-2.3236434019267604,29.620012863616434,-0.0017815663601599145,149682490.02842095,9262207.38666533,-1339.7917947735712,-2.3235972602172366,29.620008624294652,-0.0017562631435399808,3570.2684040233985,2.3806767543838026e-05,5.279471543892797e-05,1.7769407507450962e-06,150.63546666502953,1.0044464821498102e-06
2461311.5,A.D. 2026-Sep-28 00:00:00.0000,149459377.89747766,11823438.313511614,-1622.1004566568881,-2.8323571781492904,29.584140303700348,-0.0017773120755304455,149459752.790573,11819890.405490033,-1491.3286974847651,-2.832302758766518,29.58415690173717,-0.0017514486525110934,3570.055660004274,2.3812068661863157e-05,6.249704551395362e-05,2.102902975200365e-06,93.97265228629112,6.267922580724909e-07
2461312.5,A.D. 2026-Sep-29 00:00:00.0000,149192699.7065542,14377644.032604106,-1775.4592373864725,-3.3406697849643274,29.539536678750824,-0.0017725803831734048,149193079.63607967,14374098.684829703,-1642.4271955652664,-3.3406073963876843,29.539574326249273,-0.00174611498878981,3568.127633638757,2.3805946103597938e-05,7.752474272681111e-05,2.607816444548841e-06,38.130131632089615,2.5439781077307723e-07
2461313.5,A.D. 2026-Sep-30 00:00:00.0000,148882126.01741853,16927618.742951803,-1928.388684827835,-3.848431728154962,29.48620019930356,-0.0017673743117914147,148882511.65496698,16924077.7826769,-1793.042460677235,-3.8483616747810383,29.48625909206059,-0.0017402628303808249,3564.468345713347,2.3788281552911214e-05,9.545084836057298e-05,3.2099120614687976e-06,16.813755124807358,1.1221037812038034e-07
2461314.5,A.D. 2026-Oct-01 00:00:00.0000,148527710.87807775,19472607.93999376,-2080.8479419210917,-4.355493170077111,29.42413161591711,-0.0017616968209992485,148528102.8693666,19469073.210710708,-1943.129729693658,-4.355415744949821,29.424211935819514,-0.0017338930089285587,3559.0637225233227,2.3758969231171462e-05,0.00011497386235121986,3.865350433996621e-06,70.78019544482231,4.725019322097332e-07
2461315.5,A.D. 2026-Oct-02 00:00:00.0000,148129521.29578444,22011857.294427093,-2232.7963948808615,-4.861703973031426,29.35333423806012,-0.0017555505407322869,148129920.2619972,22008330.654714424,-2092.6443180081965,-4.861619449430171,29.35343615391131,-0.0017270065105291724,3551.901505748879,2.3717915322847783e-05,0.0001354468218638651,4.55234085521559e-06,123.68934378027916,8.259388323046255e-07
2461316.5,A.D. 2026-Oct-03 00:00:00.0000,147687637.2611128,24544612.874101605,-2384.193635191769,-5.3669137418997535,29.273813952655836,-0.0017489375660932887,147688043.8009663,24541096.196461923,-2241.5416329133923,-5.366822365207933,29.273937619131623,-0.0017196044765004782,3542.9713331697512,2.3665038541559346e-05,0.00015653602520384198,5.259643181405798e-06,175.45974656939507,1.1719715669678058e-06
2461317.5,A.D. 2026-Oct-04 00:00:00.0000,147202151.76838455,27070121.367487647,-2534.9994079209864,-5.870971866066669,29.185579241877626,-0.001741859348072694,147202566.4608359,27066616.53701575,-2389.777187043507,-5.870873847315743,29.185724796690284,-0.0017116882041082887,3532.264989971441,2.3600271837136332e-05,0.00017805666780273046,5.981031802643033e-06,226.00790059566498,1.5100361684476297e-06
2461318.5,A.D. 2026-Oct-05 00:00:00.0000,146673170.83249226,29587630.308634598,-2685.1735553517938,-6.373727560967577,29.088641199806897,-0.0017343166957139995,146673594.23989138,29584139.221378155,-2537.3066118782062,-6.373623073102938,29.088808759520404,-0.0017032591472477593,3519.7767955790964,2.352356501158026e-05,0.00019989633004140675,6.712719178871478e-06,275.2480684518814,1.8395529627538347e-06
2461319.5,A.D. 2026-Oct-06 00:00:00.0000,146100813.5021304,32096388.303509057,-2834.6759654358025,-6.8750299097800625,28.9830135476714,-0.0017263098816666655,146101246.17355666,32092912.86443399,-2684.085671303089,-6.874919087169951,28.983203202867635,-0.0016943189170782538,3505.504067078145,2.343488785166872e-05,0.00022197785066495364,7.452105992213114e-06,323.0924196243286,2.1599274953719925e-06
2461320.5,A.D. 2026-Oct-07 00:00:00.0000,145485211.86939517,34595645.25758239,-2983.466532563791,-7.374727905913709,28.868712647521196,-0.0017178388137892853,145485654.3438994,34592187.37812204,-2830.070275223029,-7.374610846958013,28.868924458134206,-0.001684869282610271,3489.447586792221,2.3334233294854925e-05,0.00024424071093604854,8.197154683301913e-06,369.45150619745255,2.4705536972033694e-06
2461321.5,A.D. 2026-Oct-08 00:00:00.0000,144826511.0756568,37084652.60453296,-3131.505134167149,-7.872670496880964,28.745757514369604,-0.001708903221182112,144826963.88516858,37081214.19976926,-2975.216493224101,-7.872547268984009,28.745991505952556,-0.0016749121712429863,3471.612004857687,2.32216201658675e-05,0.00026663189410955454,8.94608197383794e-06,414.23501059412956,2.7708188766374826e-06
2461322.5,A.D. 2026-Oct-09 00:00:00.0000,144124869.3135674,39562663.535936736,-3278.7516221683472,-8.368706629926727,28.614169826977218,-0.001699502803552022,144125332.98531032,39559246.52152078,-3119.4805682797514,-8.368577275709516,28.614425988463164,-0.0016644496692509415,3452.006122915171,2.3097095122592064e-05,0.0002891019588607022,9.697226802548919e-06,457.3526572883129,3.060109818414131e-06
2461323.5,A.D. 2026-Oct-10 00:00:00.0000,143380457.8250451,42028933.231841,-3425.1658242512494,-8.86268529952727,28.473973937554618,-0.001689637304831848,143380932.8834067,42025539.5207949,-3262.818930496779,-8.862549843032005,28.474252220771298,-0.0016534840222184497,3430.6430337834745,2.2960733641363284e-05,0.00031160402859880897,1.0449016263304532e-05,498.7151571214199,3.3378191122808278e-06
2461324.5,A.D. 2026-Oct-11 00:00:00.0000,142593460.89507887,44482719.092140526,-3570.7075474876915,-9.354455596601243,28.32519688068577,-0.0016793064926314827,142593947.86298582,44479350.591691904,-3405.1882108965474,-9.354314048385376,28.325497201557486,-0.0016420176354202556,3407.5401194339624,2.2812640055186997e-05,0.0003340942715393979,1.1199981574364486e-05,538.235060364008,3.6033508826905877e-06
2461325.5,A.D. 2026-Oct-12 00:00:00.0000,141764075.84121978,46923280.96870048,-3715.3365762457247,-9.843866759060136,28.167868381728795,-0.0016685100492619402,141764575.24114925,46919939.57728219,-3546.545255226696,-9.843719119435919,28.168190622816397,-0.0016300530741470436,3382.7189374588543,2.2652946845109126e-05,0.0003565329102801259,1.1948791763463432e-05,575.8274284601212,3.856125315176785e-06
2461326.5,A.D. 2026-Oct-13 00:00:00.0000,140892512.99866483,49349881.39818874,-3859.012657757848,-10.330768223206693,28.00202086484638,-0.0016572474017877425,140893025.35346746,49346569.00269696,-3686.847137798546,-10.33061448335898,28.00236487869927,-0.0016175930639743593,3356.2050449884964,2.2481813511080728e-05,0.0003788851254193197,1.2694283742916486e-05,611.4102813005447,4.095581687859411e-06
2461327.5,A.D. 2026-Oct-14 00:00:00.0000,139978995.70088083,51761785.83558714,-4001.6954718492934,-10.81500967550367,27.82768946068741,-0.0016455175314735726,139979521.53459337,51758504.308943644,-3826.05117534526,-10.814849816680516,27.828055073434815,-0.0016046404909735444,3328.0278129991866,2.229942537612708e-05,0.0004011214988574839,1.3435476913236361e-05,644.9048289060593,4.321179964519181e-06
2461328.5,A.D. 2026-Oct-15 00:00:00.0000,139023760.2557512,54158262.88834834,-4143.344584662467,-11.29644110440879,27.644912013628506,-0.0016333187975057228,139024300.09454516,54155014.08736476,-3964.114940895646,-11.296275095666818,27.645299028303988,-0.0015911984018633029,3298.2202806315986,2.2105992656177003e-05,0.00042321789798978733,1.4171569018614193e-05,676.2355352938175,4.532401266475869e-06
2461329.5,A.D. 2026-Oct-16 00:00:00.0000,138027055.917248,56538584.55115428,-4283.919388704003,-11.774912852057476,27.453729088425952,-0.0016206488086627502,138027610.29061273,56535370.31465771,-4100.996277658467,-11.77474064724474,27.45413728764412,-0.0015772700041005233,3266.819087113631,2.1901750048040565e-05,0.0004451548269169303,1.4901914166771331e-05,705.3300792872906,4.728747655127662e-06
2461330.5,A.D. 2026-Oct-17 00:00:00.0000,136989144.85265204,58902026.441217124,-4423.379035279155,-12.250275665731415,27.254183976100165,-0.0016075043661363253,136989714.29484257,58898848.58837055,-4236.6533129119125,-12.25009720043369,27.254613123858103,-0.001562858665909011,3233.864502147422,2.1686956976371694e-05,0.00046691637279520654,1.5625987336735082e-05,732.1192973256111,4.909741794106932e-06
2461331.5,A.D. 2026-Oct-18 00:00:00.0000,135910302.10532862,61247868.03404952,-4561.682364854962,-12.722380749142685,27.04632269887657,-0.0015938814867713091,135910887.15705737,61244728.362786636,-4371.044471892821,-12.722195938269778,27.046772541404867,-0.001547967916244807,3199.40056425007,2.1461898564494167e-05,0.0004884889097701068,1.6343340836342903e-05,756.5371688604355,5.074926897175847e-06
2461332.5,A.D. 2026-Oct-19 00:00:00.0000,134790815.55308026,63575392.89961567,-4698.787843290716,-13.191079813683782,26.830194014050374,-0.0015797755035347194,134791416.76336864,63572293.185109295,-4504.12849168013,-13.19088855020141,26.830664279747353,-0.0015326014446967867,3163.475319176076,2.1226887277604823e-05,0.0005098597231309368,1.705355816503677e-05,778.5209119915962,5.223867416297019e-06
2461333.5,A.D. 2026-Oct-20 00:00:00.0000,133630985.86206724,65883888.93876567,-4834.653509717436,-13.656225129708957,26.60584941665174,-0.0015651812421264566,133631603.7901427,65880830.93185522,-4635.864435066886,-13.656027284934778,26.6063398152349,-0.0015167631013212751,3126.1411463671775,2.09822651586653e-05,0.000531015669632124,1.77562091636628e-05,798.0112193822861,5.356150672891688e-06
2461334.5,A.D. 2026-Oct-21 00:00:00.0000,132431126.43629469,68172648.61984345,-4969.236942879856,-14.11766957793567,26.373343140779088,-0.0015500932643792709,132431761.6533831,68169634.04536375,-4766.211704415068,-14.11746500370658,26.373853361897236,-0.0015004568964094292,3087.455147937047,2.072840648687017e-05,0.0005519420020596817,1.8450810729657356e-05,814.9526608586311,5.471389611318362e-06
2461335.5,A.D. 2026-Oct-22 00:00:00.0000,131191563.36264557,70440969.21534844,-5102.495250552894,-14.575266701162958,26.132732159494697,-0.0015345061574585372,131192216.45349154,70437999.77032691,-4895.130055487379,-14.57505523396042,26.133261871127637,-0.0014836870001861788,3047.479567294444,2.0465720638456096e-05,0.0005726214967730343,1.9136797722262163e-05,829.2942534685135,5.569226681848257e-06
2461336.5,A.D. 2026-Oct-23 00:00:00.0000,129912635.35142675,72688153.03852174,-5234.385085247458,-15.028870756448956,25.884076183153773,-0.0015184148488227578,129913306.915375,72685230.39024301,-5022.579611250014,-15.028652223402366,25.884625030233494,-0.0014664577424395484,3006.2821984219386,2.019465488821991e-05,0.0005930340211769483,1.9813508612860533e-05,840.9901755452156,5.649338697622636e-06
2461337.5,A.D. 2026-Oct-24 00:00:00.0000,128594693.67237978,74913507.67971511,-5364.862687211485,-15.47833676796151,25.627437656031688,-0.001501814917581612,128595384.32386722,74910633.4636961,-5148.520875640355,-15.478110994410056,25.628005259832914,-0.0014487736120792317,2963.9367369158435,1.9915696822921323e-05,0.000613156710631179,2.0480191512959422e-05,850.0005753934383,5.711442335459352e-06
2461338.5,A.D. 2026-Oct-25 00:00:00.0000,127238102.08608583,77116346.24239177,-5493.883952818811,-15.923520580791626,25.36288175116317,-0.0014847028643725224,127238812.4544348,77113522.06035866,-5272.914747293435,-15.923287398769022,25.363467710076645,-0.001430639256623299,2920.523024585309,1.9629376041669565e-05,0.0006329649102680254,2.1136035731618973e-05,856.292398661375,5.755299771120288e-06
2461339.5,A.D. 2026-Oct-26 00:00:00.0000,125843236.770669,79295987.5786045,-5621.404523108154,-16.36427891601798,25.09047636342523,-0.0014670763007149645,125843967.4991406,79293214.99661767,-5395.722533220911,-16.364038172708693,25.091080255675145,-0.0014120594816119962,2876.127141394954,1.9336264831045442e-05,0.0006524339360121023,2.178023062599295e-05,859.840125143528,5.780723714484565e-06
2461340.5,A.D. 2026-Oct-27 00:00:00.0000,124410486.24368119,81451756.52380693,-5747.379884067922,-16.80046942719227,24.81029210106729,-0.0014489340291046204,124411237.98784053,81449037.07071799,-5516.9059624361935,-16.800220992209855,24.810913489711385,-0.0013930392499476234,2830.841325930562,1.9036977686282473e-05,0.0006715415205588755,2.2412047213546974e-05,860.626296132803,5.7875810437105304e-06
2461341.5,A.D. 2026-Oct-28 00:00:00.0000,122940251.27904665,83582984.13087939,-5871.765468731523,-17.23195075818049,24.522402276077376,-0.0014302760067366196,122941024.70459087,83580319.29731786,-5636.427199519316,-17.231694528554183,24.523040716220528,-0.001373583681159507,2784.763739356032,1.873216977687695e-05,0.0006902705683749934,2.3030929961415195e-05,858.641722381115,5.7757942958825355e-06
2461342.5,A.D. 2026-Oct-29 00:00:00.0000,121432944.81896244,85689007.90329042,-5994.516751855612,-17.658582601988414,24.226882893900076,-0.001411103214767451,121433740.59924698,85686399.14135015,-5754.248858115051,-17.65831850408579,24.22753794151853,-0.0013536980505931692,2737.9981342265432,1.8422534767436128e-05,0.0007086116266948227,2.3636578955324927e-05,853.8853083252907,5.745340576891721e-06
2461343.5,A.D. 2026-Oct-30 00:00:00.0000,119888991.88069716,87769172.02736035,-6115.589330971241,-18.080225759902863,23.9238126429998,-0.0013914174851414887,119889810.6942357,87766620.75107877,-5870.334014357623,-18.079953748153695,23.924483864262335,-0.001333387788522811,2690.6535351420007,1.8108802712527392e-05,0.000726564395394695,2.4228999889245825e-05,846.363503754139,5.696247960723887e-06
2461344.5,A.D. 2026-Oct-31 00:00:00.0000,118308829.45829642,89822827.60362533,-6234.938993170858,-18.49674220012055,23.613272884462784,-0.001371221356436081,118309671.98648831,89820335.19024166,-5984.6462202154435,-18.496462253203262,23.613959864225244,-0.0013126584791863026,2642.8440554431754,1.779173886176146e-05,0.0007441378105701362,2.4808506430564768e-05,836.0894771516323,5.628590007764973e-06
2461345.5,A.D. 2026-Nov-01 00:00:00.0000,116692906.41926655,91849332.87729846,-6352.521772742272,-18.90799511531515,23.29534764149056,-0.0013505180052568733,116693773.34452105,91846900.66916768,-6097.14951674905,-18.907707230983924,23.296049989771902,-0.0012915158597419248,2594.6889558148673,1.747214408961689e-05,0.000761348638694468,2.5375672947076305e-05,823.0821683108807,5.542479459857115e-06
2461346.5,A.D. 2026-Nov-02 00:00:00.0000,115041683.39633787,93848053.46780996,-6468.294006273151,-19.31384897893258,22.97012358840842,-0.001329311269191891,115042575.4006563,93845682.77475424,-6207.808447275539,-19.313553168839576,22.970840944018136,-0.0012699658191461481,2546.3130198349195,1.7150857458333754e-05,0.000778218840914728,2.5931246335903654e-05,807.3653921484947,5.438062268726209e-06
2461347.5,A.D. 2026-Nov-03 00:00:00.0000,113355632.67441842,95818362.5973465,-6582.212394401431,-19.714169600303656,22.637690038502253,-0.0013076057563985446,113356550.43837775,95816054.6991925,-6316.5880704325755,-19.713865886047223,22.63842206966191,-0.0012480143969518247,2497.847244287893,1.682876090291441e-05,0.0007947723563323833,2.647603864207845e-05,788.9671369194984,5.315512923313446e-06
2461348.5,A.D. 2026-Nov-04 00:00:00.0000,111635238.07281914,97759641.31827703,-6694.234074100852,-20.108824179069735,22.298138930227612,-0.001285406984179005,111636182.27481648,97757397.46732338,-6423.45397313513,-20.10851259016873,22.298885332472736,-0.0012256677820262063,2449.429806520459,1.6506785787602515e-05,0.0008110318902668968,2.701082001412436e-05,767.9191448390484,5.175031671580667e-06
2461349.5,A.D. 2026-Nov-05 00:00:00.0000,109880994.82278895,99671278.73929411,-6804.316703185438,-20.497681359405867,21.95156481125523,-0.0012627215102298806,109881966.13836996,99669100.16250943,-6528.372283417956,-20.497361933379874,21.9523253034276,-0.0012029323111882766,2401.207214607019,1.618592070165377e-05,0.0008270163714442408,2.7536234098150944e-05,744.2567803561687,5.016843675644469e-06
2461350.5,A.D. 2026-Nov-06 00:00:00.0000,108093409.4403564,101552672.25007913,-6912.4185538366455,-20.88061128450743,21.59806482023427,-0.0012395570024619218,108094408.54145552,101550560.15090367,-6631.309683156835,-20.880284068739968,21.598839139482745,-0.0011798144677649465,2353.3355328947214,1.5867219771804233e-05,0.0008427393591654942,2.80527451816392e-05,718.0191371142864,4.841199773557022e-06
2461351.5,A.D. 2026-Nov-07 00:00:00.0000,106272999.59444009,103403227.74428964,-7018.498608350754,-21.257485651671775,21.237738666187628,-0.0012159222200933684,106274027.14840691,103401183.30399837,-6732.233420661559,-21.25715070636478,21.23852656297172,-0.0011563208800657412,2305.981573426252,1.555181075332706e-05,0.0008582086114668433,2.8560624049688292e-05,689.2492880821228,4.648378206332352e-06
2461352.5,A.D. 2026-Nov-08 00:00:00.0000,104420293.9701682,105222359.8406672,-7122.516649208964,-21.628177768107932,20.870688605637636,-0.0011918268992685555,104421350.6385224,105220384.21933374,-6831.111323133588,-21.627835169464912,20.871489839621205,-0.0011324583197756595,2259.323953768309,1.5240902227702604e-05,0.0008734267884925182,2.905997162637588e-05,657.9945637285709,4.4386865351560755e-06
2461353.5,A.D. 2026-Nov-09 00:00:00.0000,102535832.1273466,107009492.10207841,-7224.433335401118,-21.992562607420183,20.497019417685358,-0.0011672815560439533,102536918.56427886,107007586.43924753,-6927.911808981318,-21.99221245021093,20.49783375517709,-0.001108233700265982,2213.5539406946746,1.4935789361265868e-05,0.0008883930835536687,2.9550773432721145e-05,624.3067458868027,4.212462990830181e-06
2461354.5,A.D. 2026-Nov-10 00:00:00.0000,100620164.35402423,108764057.25232482,-7324.210259281099,-22.350516866559655,20.116838377330314,-0.0011422972349288687,100621281.20472741,108762222.66754483,-7022.603899985837,-22.35015926538622,20.11766559063484,-0.0010836540748228507,2168.876023229889,1.4637857840540416e-05,0.0009031054593191992,3.003297408364213e-05,588.2420904934406,3.970076668394529e-06
2461355.5,A.D. 2026-Nov-11 00:00:00.0000,98673851.51512854,110485497.3905823,-7421.809980578721,-22.701919022938462,19.730255227329852,-0.0011168852398499853,98674999.41409172,110483734.98396696,-7115.157233310097,-22.701554111787903,19.73109509606905,-0.0010587266347935448,2125.508178024625,1.4348585730721433e-05,0.0009175631151194485,3.0506559358157946e-05,549.8611251413822,3.7119261998862386e-06
2461356.5,A.D. 2026-Nov-12 00:00:00.0000,96697464.8961718,112173264.20335582,-7517.196037761867,-23.04664939135925,19.33738214886664,-0.0010910568854303193,96698644.46559219,112171575.05633911,-7205.542073344331,-23.04627732133556,19.338234463058587,-0.0010334587076504362,2083.681802750566,1.4069543089285484e-05,0.000931768820257552,3.097163369858401e-05,509.22821033000946,3.4384368275713464e-06
2461357.5,A.D. 2026-Nov-13 00:00:00.0000,94691586.0420585,113826819.17385636,-7610.332940042019,-23.38459018043066,18.938333731231925,-0.0010648233001973042,94692797.89052187,113825204.3502742,-7293.729323380686,-23.38421111584726,18.939198295704806,-0.001007857754972697,2043.641296742314,1.3802389190459416e-05,0.0009457308070998672,3.142848297446548e-05,466.4108902513981,3.1500560495525038e-06
2461358.5,A.D. 2026-Nov-14 00:00:00.0000,92656806.59105085,115445633.78872085,-7701.186145290733,-23.715625548204006,18.53322694066142,-0.0010381953015192735,92658051.31260681,115444094.33631249,-7379.6905371098965,-23.71523966144176,18.53410358024182,-0.0009819313703459064,2005.6432622875782,1.3548867176847565e-05,0.0009594640051334573,3.187761526987549e-05,421.4790877401829,2.8472482045971205e-06
2461359.5,A.D. 2026-Nov-15 00:00:00.0000,90593728.10396697,117029189.74200603,-7789.722030565144,-24.039641656862372,18.122181088399934,-0.0010111833474253373,90595006.27768266,117027726.69437398,-7463.397929932956,-24.039249122525604,18.12306965323892,-0.0009556872771797858,1969.9552887835287,1.3310795878837548e-05,0.0009729904893884002,3.231977552770286e-05,374.5042188465595,2.530488504593587e-06
2461360.5,A.D. 2026-Nov-16 00:00:00.0000,88502961.88869809,118576979.13639136,-7875.907861508431,-24.35652672639202,17.705317798046043,-0.0009837975576907354,88504274.07872707,118575593.51540342,-7544.824390080707,-24.356127715323222,17.706218168396944,-0.000929133326444382,1936.854269019549,1.3090058454619388e-05,0.0009863390796187657,3.275593198229737e-05,325.55831027030945,2.20025707663732e-06
2461361.5,A.D. 2026-Nov-17 00:00:00.0000,86385128.82013388,120088504.68152633,-7959.711766541004,-24.666171087196187,17.28276097200983,-0.0009560478027603736,86386475.57628728,120087197.50008546,-7623.943489534358,-24.66576576090831,17.283673061941176,-0.000902277494325088,1906.6241873912486,1.2888587439415338e-05,0.00099954424043027,3.318723941186646e-05,274.7132039964199,1.8570335852679704e-06
2461362.5,A.D. 2026-Nov-18 00:00:00.0000,84240859.15558738,121563279.88943717,-8041.102720804513,-24.968467231608578,16.854636757167867,-0.0009279438441094356,84242241.01435022,121562052.15450928,-7700.72949473985,-24.968055737694037,16.855560516615636,-0.0008751278797969893,1879.5533050812721,1.2708345692284712e-05,0.001012644204611285,3.3614976664455805e-05,222.0399128496647,1.5012928669539892e-06
2461363.5,A.D. 2026-Nov-19 00:00:00.0000,82070792.34581551,123000829.26692803,-8120.050544038415,-25.263309864492264,16.42107350929556,-0.0008994954921375253,82072209.83170111,122999681.98266251,-7775.157377109233,-25.262892333339877,16.42200892428405,-0.0008476927021190989,1855.9306879272335,1.2551302868276786e-05,0.0010256787961923585,3.40404743087134e-05,167.60820654034615,1.1335021168522516e-06
2461364.5,A.D. 2026-Nov-20 00:00:00.0000,79875576.8417074,124400688.50485063,-8196.525912255049,-25.55059595271954,15.982201756426935,-0.0008707127936222747,79877030.46882483,124399622.67563339,-7847.2028233020865,-25.55017249603248,15.98314884714507,-0.0008199802982491415,1836.0420303892158,1.2419407095581896e-05,0.0010386867575356955,3.4465025926367745e-05,111.4864372909069,7.54119691943174e-07
2461365.5,A.D. 2026-Nov-21 00:00:00.0000,77655869.89674702,125762404.66415308,-8270.500386275351,-25.830224773674498,15.538154160673471,-0.0008416062072669206,77657360.17040496,125761421.29740277,-7916.842245280167,-25.82979548509808,15.539112977570248,-0.0007919991201796213,1820.1647787619563,1.2314551873793368e-05,0.0010517030885547041,3.4889799921013526e-05,53.74165612459183,3.6359587870939833e-07
2461366.5,A.D. 2026-Nov-22 00:00:00.0000,75412337.36531661,127085536.35854466,-8341.946452975273,-26.10209796299543,15.089065478100022,-0.0008121867283001905,75413864.78348,127084636.46710666,-7984.052790128535,-26.10166292090387,15.090036096574904,-0.0007637577321960077,1808.5626115662478,1.2238538580764077e-05,0.0010647568797034744,3.531576781099995e-05,5.560020059347153,3.7624641563950495e-08
2461367.5,A.D. 2026-Nov-23 00:00:00.0000,73145653.49690838,128369653.93360525,-8410.837574973702,-26.3661195615815,14.63507251647998,-0.0007824659501629581,73147218.551321,128368838.53765237,-8048.8123496364315,-26.36567883400583,14.636055030933642,-0.0007352648080579532,1801.4794304155007,1.2193035622197202e-05,0.001077869841597777,3.5743655704088316e-05,66.3528480231762,4.4909901602052906e-07
2461368.5,A.D. 2026-Nov-24 00:00:00.0000,70856500.72629476,129614339.64213814,-8477.148241333663,-26.622196062221295,14.176314090524759,-0.0007524560246210399,70858103.90309633,129613609.77057119,-8111.099569631357,-26.62174971350054,14.177308608953409,-0.0007065291281045505,1799.1331222047654,1.217953598839809e-05,0.0010910560779657887,3.6173937042195926e-05,128.57080313563347,8.703817991682051e-07
2461369.5,A.D. 2026-Nov-25 00:00:00.0000,68545569.45967032,130819187.8155395,-8540.854009918869,-26.870236456259985,13.712930974470032,-0.0007221695032608724,68547211.23939501,130818544.50699209,-8170.89385905977,-26.86978455453884,13.713937614918857,-0.0006775595762847205,1801.709484013869,1.2199315869723296e-05,0.0011043234147520996,3.660687692631027e-05,192.1469773054123,1.301020886197008e-06
2461370.5,A.D. 2026-Nov-26 00:00:00.0000,66213557.85675031,131983805.03096804,-8601.931531354787,-27.11015228056861,13.245065852364934,-0.0006916190831027792,66215238.713682674,131983249.33462329,-8228.17539880805,-27.109694904959138,13.24608474222604,-0.0006483651371139149,1809.3568197733168,1.2253397783358867e-05,0.001117676116344688,3.704262235051136e-05,257.01318496465683,1.7405548516043855e-06
2461371.5,A.D. 2026-Nov-27 00:00:00.0000,63861171.60879698,133107810.27414624,-8660.358549050987,-27.34185766479099,12.772863266803489,-0.0006608173153379583,63862892.00976759,133107343.25062807,-8282.925150257353,-27.341394910998734,12.773894545222012,-0.0006189548925584006,1822.1817792821696,1.2342522086001636e-05,0.0011311183453555013,3.7481316963350385e-05,323.09989082813263,2.188512465590522e-06
2461372.5,A.D. 2026-Nov-28 00:00:00.0000,61489123.712564066,134190835.09769696,-8716.113875202835,-27.565269378508624,12.29646956700118,-0.0006297763540219494,61490884.11535899,134190457.8202844,-8335.124863566201,-27.564801362041653,12.297513389769428,-0.000589338018848484,1840.2469598960274,1.246713041163997e-05,0.0011446574351393563,3.792320949417776e-05,390.3364919126034,2.6444146112712087e-06
2461373.5,A.D. 2026-Nov-29 00:00:00.0000,59098134.240191914,135232523.7749946,-8769.177349291744,-27.780306877681237,11.816032856986805,-0.0005985078140122725,59099935.091801964,135232237.3313193,-8384.757085674724,-27.779833734361976,11.817089402556782,-0.0005595237832221224,1863.5706156790525,1.2627363388423613e-05,0.0011583060461969946,3.836872509349418e-05,458.6518883407116,3.107778162060423e-06
2461374.5,A.D. 2026-Nov-30 00:00:00.0000,56688930.10514904,136232533.44956017,-8819.529790692031,-27.98689234960412,11.331702944272505,-0.0005670227750309564,56690771.84007799,136232338.94380984,-8431.805168024588,-27.986414233822046,11.332772419176225,-0.0005295215406004482,1892.128541735552,1.2823073112761973e-05,0.0011720825966357287,3.8818479444333064e-05,527.9751934409142,3.5781208083291597e-06
2461375.5,A.D. 2026-Dec-01 00:00:00.0000,54262244.824375995,137190534.28003636,-8867.152957484126,-28.18495075579485,10.843631288795372,-0.0005353319193197592,54264127.86316274,137190432.83554578,-8476.253273988803,-28.184467837485492,10.844713930992606,-0.0004993407301968266,1925.857891854458,1.3053848759378425e-05,0.0011860099436518461,3.927323495557792e-05,598.23640152812,4.0549656030866845e-06
2461376.5,A.D. 2026-Dec-02 00:00:00.0000,51818818.27681623,138106209.5807383,-8912.029521003366,-28.374409872821314,10.351970951394726,-0.0005034457397115055,51820743.02483697,138106202.34275034,-8518.086386005754,-28.37392233410559,10.353067030828766,-0.000468990872061146,1964.6624456752006,1.331905206207839e-05,0.0012001130209112361,3.973382244219383e-05,669.3668636083603,4.537844210670969e-06
2461377.5,A.D. 2026-Dec-03 00:00:00.0000,49359396.45850098,138979255.95770922,-8954.143059119582,-28.555200331075472,9.856876541300347,-0.0004713747692548508,49361363.30504919,138979344.09605825,-8557.2903124119,-28.554708363449983,9.857986357493436,-0.0004384815635611251,2008.41873505819,1.3617858671909611e-05,0.0012144159460227204,4.0201045348774286e-05,741.2994973659515,5.026298357247041e-06
2461378.5,A.D. 2026-Dec-04 00:00:00.0000,46884731.23438234,139809383.44018483,-8993.478069171308,-28.72725565159379,9.358504162144511,-0.0004391297849490883,46886740.55193227,139809568.15165153,-8593.851693967843,-28.726759454423664,9.359628039179746,-0.000407822475802506,2056.9823971394203,1.3949301106940456e-05,0.0012289391236249155,4.067558392234367e-05,813.9686892330647,5.519879194651211e-06
2461379.5,A.D. 2026-Dec-05 00:00:00.0000,44395580.08703748,140596315.6073057,-9030.019995056095,-28.890512281485954,8.857011356025675,-0.00040672193694701875,44397632.23057944,140596598.11745793,-8627.758010072508,-28.890012061952735,8.858149635763676,-0.0003770233499900788,2110.194258234696,1.431230992894439e-05,0.001243697048892628,4.1157922649730955e-05,887.3099451363087,6.018144959056684e-06
2461380.5,A.D. 2026-Dec-06 00:00:00.0000,41892705.8623759,141339789.7099142,-9063.75526238978,-29.04490962801699,8.35255704560749,-0.00037416280080826425,41894801.1686886,141340171.2743163,-8658.997584660405,-29.044405602592253,8.35371008003308,-0.0003460939937315651,2167.8857706726085,1.4705750577870838e-05,0.001258696894929798,4.164830368882502e-05,961.2593574821949,6.520657381035205e-06
2461381.5,A.D. 2026-Dec-07 00:00:00.0000,39376876.51244946,142039556.7872625,-9094.671314395964,-29.19039009159445,7.84530147423983,-0.0003414643469734636,39379015.29918622,142040038.69202045,-8687.559591777217,-29.18988248882252,7.84646961787949,-0.00031504427728646636,2229.8835969132915,1.51284544609656e-05,0.001273938050703589,4.21467117744213e-05,1035.7529873549938,7.026977517436037e-06
2461382.5,A.D. 2026-Dec-08 00:00:00.0000,36848864.83545578,142695381.7784667,-9122.756642326714,-29.326899097764183,7.335406144255429,-0.0003086388419419883,36851047.39994626,142695965.34015113,-8713.434060828946,-29.32638816199875,7.336589747486032,-0.00028388412976205454,2296.013277474613,1.5579243856929778e-05,0.001289412563793649,4.265288905115324e-05,1110.7262583673,7.536661659218427e-06
2461383.5,A.D. 2026-Dec-09 00:00:00.0000,34309448.213018,143307043.62855834,-9148.000804811716,-29.454385128266107,6.823033753659418,-0.00027569870163679516,34311674.83072141,143307730.19361174,-8736.611881500194,-29.453871123920454,6.824233157546363,-0.00025262353525876195,2366.102029902372,1.6056950947011386e-05,0.0013051063614406026,4.3166375619381085e-05,1186.1134502887726,8.049257913727027e-06
2461384.5,A.D. 2026-Dec-10 00:00:00.0000,31759408.344821855,143874335.38900694,-9170.394433662295,-29.57279975114525,6.308348131493242,-0.00024265632280462412,31761679.26740758,143875126.33278617,-8757.084808337293,-29.572282966987448,6.309563664550521,-0.0002212725289672921,2439.980798827851,1.6560431780108105e-05,0.001321001039262988,4.368656880626829e-05,1261.8473592996597,8.56430391609238e-06
2461385.5,A.D. 2026-Dec-11 00:00:00.0000,29199530.980693847,144397064.31261137,-9189.929224990308,-29.68209764986114,5.79151417217852,-0.00020952391919193408,29201846.43376529,144397961.0382387,-8774.845464992266,-29.681578402910983,5.792746149175093,-0.0001898411932198486,2517.4857108984006,1.708857620950093e-05,0.0013370759608325481,4.421279265753139e-05,1337.8591658771038,9.081325949417827e-06
2461386.5,A.D. 2026-Dec-12 00:00:00.0000,26630605.650211066,144875051.9426852,-9206.597917184234,-29.78223665129717,5.272697769137674,-0.000176313386446969,26632965.83072376,144876055.87988067,-8789.887348123695,-29.78171528994908,5.273946491816204,-0.00015833965349794057,2598.4590901781567,1.76403148527415e-05,0.0013533103998090402,4.47443687761161e-05,1414.0785197913647,9.59983953948186e-06
2461387.5,A.D. 2026-Dec-13 00:00:00.0000,24053425.38994314,145308134.19648543,-9220.394259378314,-29.87317775254257,4.752065747954965,-0.00014303621433064961,24055830.46339674,145309246.80053163,-8802.204830950843,-29.872654658636854,4.753331507304979,-0.00012677807439929076,2682.750170787456,1.82146239998402e-05,0.0013696854724569512,4.5280680176589876e-05,1490.4338255524635,1.0119351412104468e-05
2461388.5,A.D. 2026-Dec-14 00:00:00.0000,21468786.468438104,145696161.44285437,-9231.312974579632,-29.954885146306758,4.2297857992914984,-0.00010970345770777712,21471236.565941278,145697384.19380653,-8811.793166457706,-29.954360735983506,4.231068878846363,-9.516665556643285e-05,2770.2156117279183,1.8810529180009018e-05,0.0013861856476898163,4.582122113152238e-05,1566.85268586874,1.0639362525982405e-05
2461389.5,A.D. 2026-Dec-15 00:00:00.0000,18877488.109076787,146038998.57406062,-9239.349723160267,-30.027326244823527,3.7060264117089403,-7.632577001692731e-05,18879983.324393105,146040332.9762623,-8818.6484902437,-30.02680096810901,3.70732709122318,-6.35156275796397e-05,2860.7198810823793,1.9427107841656112e-05,0.0014027996739821597,4.63656277163657e-05,1643.2624408304691,1.1159371758579136e-05
2461390.5,A.D. 2026-Dec-16 00:00:00.0000,16280332.210932055,146336525.07183528,-9244.501071691513,-30.090471702108964,3.1809568044968675,-4.2913495199137244e-05,16282872.597614504,146337972.6537441,-8822.767823018085,-30.089946041295104,3.1822753633084164,-3.18352478168861e-05,2954.1355439704075,2.00634913780402e-05,0.0014195208199623672,4.691368566126024e-05,1719.5907333493233,1.167887977338442e-05
2461391.5,A.D. 2026-Dec-17 00:00:00.0000,13678123.067780724,146588635.06760693,-9246.764472037554,-30.144295434445393,2.654746860546215,-9.476807560582223e-06,13680708.636492774,146590197.38187152,-8824.149072735285,-30.143769901426094,2.6560835799296822,-1.357962835948634e-07,3050.3434563698574,2.071886651209451e-05,0.0014363463784904903,4.746531386939021e-05,1795.766020566225,1.2197392522921027e-05
2461392.5,A.D. 2026-Dec-18 00:00:00.0000,11071667.085426858,146795237.3969385,-9246.138253867626,-30.188774638961174,2.12756705927376,2.3974115555769327e-05,11074297.801529383,146796916.02061117,-8822.7910363688,-30.188249771796983,2.12892222313078,3.157242858503038e-05,3149.2328451672115,2.1392475906296733e-05,0.0014532764202931018,4.802052315809859e-05,1871.717958420515,1.2714423892263127e-05
2461393.5,A.D. 2026-Dec-19 00:00:00.0000,8461772.497507041,146956255.64816898,-9242.62163296342,-30.22388981017589,1.5995884095412822,5.7428909703616235e-05,8464448.278961813,146958052.1828875,-8818.693401321278,-30.223366169267287,1.6009623028761508,6.327911414623987e-05,3250.701237288354,2.208361774449651e-05,0.0014703118450355252,4.857935181814053e-05,1947.3775933384895,1.3229497033494989e-05
2461394.5,A.D. 2026-Dec-20 00:00:00.0000,5849249.079958305,147071628.2052539,-9236.214734584093,-30.2496247543617,1.070982382261532,9.087686882630619e-05,5851969.795561896,147073544.2771822,-8811.856746468853,-30.249102918741016,1.0723752872448844,9.497393779365003e-05,3354.654189643253,2.2791643957022952e-05,0.0014874520138939491,4.914178738494904e-05,2022.6773071587086,1.3742144023975747e-05
2461395.5,A.D. 2026-Dec-21 00:00:00.0000,3234907.8643443463,147141308.28475928,-9226.918628022077,-30.265966601654114,0.5419208427602414,0.0001243068262256342,3237673.3322560405,147143345.54408336,-8802.28254283801,-30.265447165954207,0.5433330321616864,0.00012664657121990594,3461.0047860377667,2.3515956858326806e-05,0.0015046919373406342,4.970767375433724e-05,2097.5505181252956,1.4251903866583455e-05
2461396.5,A.D. 2026-Dec-22 00:00:00.0000,619560.8502350266,147165263.96698296,-9214.735368169846,-30.27290581579391,0.012575981915215459,0.0001577071477683028,622370.8367143596,147167424.0867445,-8789.973153913405,-30.27238938855356,0.014007710712986933,0.00015828668469513072,3569.6728613182586,2.4256003926471845e-05,0.001522019967282212,5.0276634994745267e-05,2171.9311289787292,1.4758318770162933e-05
2461397.5,A.D. 2026-Dec-23 00:00:00.0000,-1995979.2831584907,147143478.2210508,-9199.66803176701,-30.270436201696942,-0.5168797541861307,0.00019106583650113634,-1993125.0649430351,147145762.8952201,-8774.931835575451,-30.269923405450918,-0.5154282579030025,0.00018988395135816668,3680.5839913890254,2.5011270986494198e-05,0.0015394163980951333,5.084802920079313e-05,2245.7528553009033,1.5260929614440388e-05
2461398.5,A.D. 2026-Dec-24 00:00:00.0000,-4610899.465918581,147075948.92386866,-9181.720740742981,-30.258554911125394,-1.0462737363362387,0.00022437074069764354,-4608001.357172994,147078359.86464927,-8757.16273566676,-30.258046384440078,-1.0448022797428502,0.0002214280515175874,3793.6683102941547,2.5781274213306036e-05,0.0015568534148480808,5.1420946843135756e-05,2318.948547333479,1.5759271368855243e-05
2461399.5,A.D. 2026-Dec-25 00:00:00.0000,-7224386.526780792,146962688.8727513,-9160.898663282396,-30.23726244695038,-1.5754332264261677,0.00025760984268652365,-7221444.924618868,146965227.80726048,-8736.67089318657,-30.236758848064134,-1.5739416577511052,0.0002529086769594331,3908.8592865308447,2.6565551852623207e-05,0.0015742970023515115,5.199427385826317e-05,2391.449681788683,1.625286966543128e-05
2461400.5,A.D. 2026-Dec-26 00:00:00.0000,-9835627.482821189,146803725.79156974,-9137.20798983425,-30.206562666548265,-2.1041854530987405,0.00029077153740353367,-9832642.84215106,146806394.45817834,-8713.462237112904,-30.206064677723237,-2.102673663609687,0.00028431553525860495,4026.0926294111478,2.7363656821624767e-05,0.0015917104036317015,5.256680586759816e-05,2463.1861825585365,1.6741239606590443e-05
2461401.5,A.D. 2026-Dec-27 00:00:00.0000,-12443809.829410253,146599102.33034092,-9110.655888728797,-30.166462784583974,-2.6323576876945665,0.00032384481197023085,-12440782.665186139,146601902.4750142,-8687.543584852097,-30.165971116014237,-2.63082560975259,0.00031563835409083573,4145.305471589713,2.8175151183629333e-05,0.0016090581557883054,5.3137381415367615e-05,2534.0866341888905,1.7223887243056505e-05
2461402.5,A.D. 2026-Dec-28 00:00:00.0000,-15048121.830377363,146348876.05828378,-9081.250452525914,-30.11697337505216,-3.1597773193851166,0.0003568192773566459,-15045052.720131496,146351809.43123037,-8658.922640315897,-30.11648876729556,-3.158224921494685,0.00034686688554214345,4266.435904362944,2.899960301876696e-05,0.0016263096070787328,5.3704998034346925e-05,2604.078843265772,1.770031341782301e-05
2461403.5,A.D. 2026-Dec-29 00:00:00.0000,-17647752.808304954,146053119.45044702,-9049.000648126006,-30.058108372149878,-3.6862719287498757,0.00038968505401593134,-17644642.3948019,146056187.80326825,-8627.607991626444,-30.057631596472227,-3.684699209223104,0.0003779909104126668,4389.422851183429,2.9836585592826278e-05,0.001643441057562934,5.4268882837285105e-05,2673.090610086918,1.817001904105357e-05
2461404.5,A.D. 2026-Dec-30 00:00:00.0000,-20241893.434827875,145711919.8680578,-9013.916281543672,-29.98988506943401,-4.211669359582879,0.0004224325561588139,-20238742.428654138,145715124.95143917,-8593.60910844973,-29.989416925997844,-4.210076340599495,0.0004090002425117762,4514.206188059304,3.0685678204198654e-05,0.0016604361430946823,5.482850510211236e-05,2741.0505309402943,1.8632510574365627e-05
2461405.5,A.D. 2026-Dec-31 00:00:00.0000,-22829736.020768367,145325379.532732,-8976.007983356716,-29.912324116799795,-4.735797789239149,0.00045505224201503064,-22826545.20268546,145328723.09457824,-8556.936338958485,-29.911865431092018,-4.734184512721272,0.00043988473294135705,4640.72697978256,3.154646781834292e-05,0.0016772846374381862,5.538353664057554e-05,2807.8886684179306,1.9087304618787628e-05
2461406.5,A.D. 2027-Jan-01 00:00:00.0000,-25410474.805906504,144893615.4946475,-8935.28721474856,-29.82544951504147,-5.258485798178567,0.00048753439520354835,-25407245.028841805,144897099.27846622,-8517.600906425574,-29.825001133173558,-5.256852324189889,0.0004706342743641634,4768.927702891731,3.241855061215568e-05,0.0016939802788834156,5.5933779981161935e-05,2873.5369787216187,1.9533930850765643e-05
